input_hex,output_hex,in_1,in_2,in_3,in_4,in_5,in_6,in_7,in_8,in_9,in_10,in_11,in_13,in_14,in_15,in_17,in_19,in_23,out_16,out_18,out_20,out_21,out_22,z_16,z_18,z_20,z_21,z_22
000DD,15,1,0,1,1,1,0,1,1,0,0,0,0,0,0,0,0,0,1,0,1,0,1,0,0,0,0,0
0019F,15,1,1,1,1,1,0,0,1,1,0,0,0,0,0,0,0,0,1,0,1,0,1,0,0,0,0,0
00228,15,0,0,0,1,0,1,0,0,0,1,0,0,0,0,0,0,0,1,0,1,0,1,0,0,0,0,0
0039A,15,0,1,0,1,1,0,0,1,1,1,0,0,0,0,0,0,0,1,0,1,0,1,0,0,0,0,0
003F7,15,1,1,1,0,1,1,1,1,1,1,0,0,0,0,0,0,0,1,0,1,0,1,0,0,0,0,0
0041A,15,0,1,0,1,1,0,0,0,0,0,1,0,0,0,0,0,0,1,0,1,0,1,0,0,0,0,0
005D8,15,0,0,0,1,1,0,1,1,1,0,1,0,0,0,0,0,0,1,0,1,0,1,0,0,0,0,0
007A8,15,0,0,0,1,0,1,0,1,1,1,1,0,0,0,0,0,0,1,0,1,0,1,0,0,0,0,0
008AF,15,1,1,1,1,0,1,0,1,0,0,0,1,0,0,0,0,0,1,0,1,0,1,0,0,0,0,0
0096D,15,1,0,1,1,0,1,1,0,1,0,0,1,0,0,0,0,0,1,0,1,0,1,0,0,0,0,0
00A27,15,1,1,1,0,0,1,0,0,0,1,0,1,0,0,0,0,0,1,0,1,0,1,0,0,0,0,0
00AC2,04,0,1,0,0,0,0,1,1,0,1,0,1,0,0,0,0,0,0,0,1,0,0,0,0,0,0,0
00B20,04,0,0,0,0,0,1,0,0,1,1,0,1,0,0,0,0,0,0,0,1,0,0,0,0,0,0,0
00C98,04,0,0,0,1,1,0,0,1,0,0,1,1,0,0,0,0,0,0,0,1,0,0,0,0,0,0,0
00CAD,15,1,0,1,1,0,1,0,1,0,0,1,1,0,0,0,0,0,1,0,1,0,1,0,0,0,0,0
00D88,04,0,0,0,1,0,0,0,1,1,0,1,1,0,0,0,0,0,0,0,1,0,0,0,0,0,0,0
00EE5,15,1,0,1,0,0,1,1,1,0,1,1,1,0,0,0,0,0,1,0,1,0,1,0,0,0,0,0
00EE8,04,0,0,0,1,0,1,1,1,0,1,1,1,0,0,0,0,0,0,0,1,0,0,0,0,0,0,0
01117,15,1,1,1,0,1,0,0,0,1,0,0,0,1,0,0,0,0,1,0,1,0,1,0,0,0,0,0
0119C,15,0,0,1,1,1,0,0,1,1,0,0,0,1,0,0,0,0,1,0,1,0,1,0,0,0,0,0
0124B,15,1,1,0,1,0,0,1,0,0,1,0,0,1,0,0,0,0,1,0,1,0,1,0,0,0,0,0
01286,15,0,1,1,0,0,0,0,1,0,1,0,0,1,0,0,0,0,1,0,1,0,1,0,0,0,0,0
0135D,15,1,0,1,1,1,0,1,0,1,1,0,0,1,0,0,0,0,1,0,1,0,1,0,0,0,0,0
014DC,15,0,0,1,1,1,0,1,1,0,0,1,0,1,0,0,0,0,1,0,1,0,1,0,0,0,0,0
01551,15,1,0,0,0,1,0,1,0,1,0,1,0,1,0,0,0,0,1,0,1,0,1,0,0,0,0,0
0158A,15,0,1,0,1,0,0,0,1,1,0,1,0,1,0,0,0,0,1,0,1,0,1,0,0,0,0,0
01601,15,1,0,0,0,0,0,0,0,0,1,1,0,1,0,0,0,0,1,0,1,0,1,0,0,0,0,0
01607,15,1,1,1,0,0,0,0,0,0,1,1,0,1,0,0,0,0,1,0,1,0,1,0,0,0,0,0
016DB,15,1,1,0,1,1,0,1,1,0,1,1,0,1,0,0,0,0,1,0,1,0,1,0,0,0,0,0
01833,14,1,1,0,0,1,1,0,0,0,0,0,1,1,0,0,0,0,0,0,1,0,1,0,0,0,0,0
018BA,14,0,1,0,1,1,1,0,1,0,0,0,1,1,0,0,0,0,0,0,1,0,1,0,0,0,0,0
018FE,15,0,1,1,1,1,1,1,1,0,0,0,1,1,0,0,0,0,1,0,1,0,1,0,0,0,0,0
01A0E,15,0,1,1,1,0,0,0,0,0,1,0,1,1,0,0,0,0,1,0,1,0,1,0,0,0,0,0
01BEA,14,0,1,0,1,0,1,1,1,1,1,0,1,1,0,0,0,0,0,0,1,0,1,0,0,0,0,0
01CA5,15,1,0,1,0,0,1,0,1,0,0,1,1,1,0,0,0,0,1,0,1,0,1,0,0,0,0,0
01D07,15,1,1,1,0,0,0,0,0,1,0,1,1,1,0,0,0,0,1,0,1,0,1,0,0,0,0,0
01DBC,15,0,0,1,1,1,1,0,1,1,0,1,1,1,0,0,0,0,1,0,1,0,1,0,0,0,0,0
01E48,14,0,0,0,1,0,0,1,0,0,1,1,1,1,0,0,0,0,0,0,1,0,1,0,0,0,0,0
01F52,14,0,1,0,0,1,0,1,0,1,1,1,1,1,0,0,0,0,0,0,1,0,1,0,0,0,0,0
01F6F,15,1,1,1,1,0,1,1,0,1,1,1,1,1,0,0,0,0,1,0,1,0,1,0,0,0,0,0
01F8C,15,0,0,1,1,0,0,0,1,1,1,1,1,1,0,0,0,0,1,0,1,0,1,0,0,0,0,0
02085,15,1,0,1,0,0,0,0,1,0,0,0,0,0,1,0,0,0,1,0,1,0,1,0,0,0,0,0
0213C,15,0,0,1,1,1,1,0,0,1,0,0,0,0,1,0,0,0,1,0,1,0,1,0,0,0,0,0
0235A,15,0,1,0,1,1,0,1,0,1,1,0,0,0,1,0,0,0,1,0,1,0,1,0,0,0,0,0
0242C,15,0,0,1,1,0,1,0,0,0,0,1,0,0,1,0,0,0,1,0,1,0,1,0,0,0,0,0
02652,15,0,1,0,0,1,0,1,0,0,1,1,0,0,1,0,0,0,1,0,1,0,1,0,0,0,0,0
026D3,15,1,1,0,0,1,0,1,1,0,1,1,0,0,1,0,0,0,1,0,1,0,1,0,0,0,0,0
02813,05,1,1,0,0,1,0,0,0,0,0,0,1,0,1,0,0,0,1,0,1,0,0,0,0,0,0,0
02892,05,0,1,0,0,1,0,0,1,0,0,0,1,0,1,0,0,0,1,0,1,0,0,0,0,0,0,0
028FB,05,1,1,0,1,1,1,1,1,0,0,0,1,0,1,0,0,0,1,0,1,0,0,0,0,0,0,0
0295E,15,0,1,1,1,1,0,1,0,1,0,0,1,0,1,0,0,0,1,0,1,0,1,0,0,0,0,0
029AF,15,1,1,1,1,0,1,0,1,1,0,0,1,0,1,0,0,0,1,0,1,0,1,0,0,0,0,0
02A09,05,1,0,0,1,0,0,0,0,0,1,0,1,0,1,0,0,0,1,0,1,0,0,0,0,0,0,0
02C87,15,1,1,1,0,0,0,0,1,0,0,1,1,0,1,0,0,0,1,0,1,0,1,0,0,0,0,0
02ED9,05,1,0,0,1,1,0,1,1,0,1,1,1,0,1,0,0,0,1,0,1,0,0,0,0,0,0,0
03094,15,0,0,1,0,1,0,0,1,0,0,0,0,1,1,0,0,0,1,0,1,0,1,0,0,0,0,0
0315A,15,0,1,0,1,1,0,1,0,1,0,0,0,1,1,0,0,0,1,0,1,0,1,0,0,0,0,0
031B9,15,1,0,0,1,1,1,0,1,1,0,0,0,1,1,0,0,0,1,0,1,0,1,0,0,0,0,0
03562,15,0,1,0,0,0,1,1,0,1,0,1,0,1,1,0,0,0,1,0,1,0,1,0,0,0,0,0
03978,15,0,0,0,1,1,1,1,0,1,0,0,1,1,1,0,0,0,1,0,1,0,1,0,0,0,0,0
03C32,1D,0,1,0,0,1,1,0,0,0,0,1,1,1,1,0,0,0,1,0,1,1,1,0,0,0,0,0
03FD1,19,1,0,0,0,1,0,1,1,1,1,1,1,1,1,0,0,0,1,0,0,1,1,0,0,0,0,0
04079,17,1,0,0,1,1,1,1,0,0,0,0,0,0,0,1,0,0,1,1,1,0,1,0,1,0,0,0
0409F,17,1,1,1,1,1,0,0,1,0,0,0,0,0,0,1,0,0,1,1,1,0,1,0,1,0,0,0
041BB,17,1,1,0,1,1,1,0,1,1,0,0,0,0,0,1,0,0,1,1,1,0,1,0,1,0,0,0
041F5,17,1,0,1,0,1,1,1,1,1,0,0,0,0,0,1,0,0,1,1,1,0,1,0,1,0,0,0
042E3,17,1,1,0,0,0,1,1,1,0,1,0,0,0,0,1,0,0,1,1,1,0,1,0,1,0,0,0
0472F,17,1,1,1,1,0,1,0,0,1,1,1,0,0,0,1,0,0,1,1,1,0,1,0,1,0,0,0
04824,17,0,0,1,0,0,1,0,0,0,0,0,1,0,0,1,0,0,1,1,1,0,1,0,1,0,0,0
0486C,17,0,0,1,1,0,1,1,0,0,0,0,1,0,0,1,0,0,1,1,1,0,1,0,1,0,0,0
0489E,17,0,1,1,1,1,0,0,1,0,0,0,1,0,0,1,0,0,1,1,1,0,1,0,1,0,0,0
04944,17,0,0,1,0,0,0,1,0,1,0,0,1,0,0,1,0,0,1,1,1,0,1,0,1,0,0,0
04A10,06,0,0,0,0,1,0,0,0,0,1,0,1,0,0,1,0,0,0,1,1,0,0,0,1,0,0,0
04AF3,06,1,1,0,0,1,1,1,1,0,1,0,1,0,0,1,0,0,0,1,1,0,0,0,1,0,0,0
04CEE,17,0,1,1,1,0,1,1,1,0,0,1,1,0,0,1,0,0,1,1,1,0,1,0,1,0,0,0
04CFC,17,0,0,1,1,1,1,1,1,0,0,1,1,0,0,1,0,0,1,1,1,0,1,0,1,0,0,0
04E47,17,1,1,1,0,0,0,1,0,0,1,1,1,0,0,1,0,0,1,1,1,0,1,0,1,0,0,0
04E7D,17,1,0,1,1,1,1,1,0,0,1,1,1,0,0,1,0,0,1,1,1,0,1,0,1,0,0,0
04EF5,17,1,0,1,0,1,1,1,1,0,1,1,1,0,0,1,0,0,1,1,1,0,1,0,1,0,0,0
05352,17,0,1,0,0,1,0,1,0,1,1,0,0,1,0,1,0,0,1,1,1,0,1,0,1,0,0,0
053B4,17,0,0,1,0,1,1,0,1,1,1,0,0,1,0,1,0,0,1,1,1,0,1,0,1,0,0,0
053F9,17,1,0,0,1,1,1,1,1,1,1,0,0,1,0,1,0,0,1,1,1,0,1,0,1,0,0,0
0553B,17,1,1,0,1,1,1,0,0,1,0,1,0,1,0,1,0,0,1,1,1,0,1,0,1,0,0,0
055BA,17,0,1,0,1,1,1,0,1,1,0,1,0,1,0,1,0,0,1,1,1,0,1,0,1,0,0,0
056B6,17,0,1,1,0,1,1,0,1,0,1,1,0,1,0,1,0,0,1,1,1,0,1,0,1,0,0,0
05703,17,1,1,0,0,0,0,0,0,1,1,1,0,1,0,1,0,0,1,1,1,0,1,0,1,0,0,0
0588A,16,0,1,0,1,0,0,0,1,0,0,0,1,1,0,1,0,0,0,1,1,0,1,0,1,0,0,0
05B63,16,1,1,0,0,0,1,1,0,1,1,0,1,1,0,1,0,0,0,1,1,0,1,0,1,0,0,0
05B8F,17,1,1,1,1,0,0,0,1,1,1,0,1,1,0,1,0,0,1,1,1,0,1,0,1,0,0,0
05C92,16,0,1,0,0,1,0,0,1,0,0,1,1,1,0,1,0,0,0,1,1,0,1,0,1,0,0,0
05CA9,16,1,0,0,1,0,1,0,1,0,0,1,1,1,0,1,0,0,0,1,1,0,1,0,1,0,0,0
05DCC,17,0,0,1,1,0,0,1,1,1,0,1,1,1,0,1,0,0,1,1,1,0,1,0,1,0,0,0
05DE2,16,0,1,0,0,0,1,1,1,1,0,1,1,1,0,1,0,0,0,1,1,0,1,0,1,0,0,0
05E40,16,0,0,0,0,0,0,1,0,0,1,1,1,1,0,1,0,0,0,1,1,0,1,0,1,0,0,0
0601C,17,0,0,1,1,1,0,0,0,0,0,0,0,0,1,1,0,0,1,1,1,0,1,0,1,0,0,0
062B8,17,0,0,0,1,1,1,0,1,0,1,0,0,0,1,1,0,0,1,1,1,0,1,0,1,0,0,0
06566,17,0,1,1,0,0,1,1,0,1,0,1,0,0,1,1,0,0,1,1,1,0,1,0,1,0,0,0
06666,17,0,1,1,0,0,1,1,0,0,1,1,0,0,1,1,0,0,1,1,1,0,1,0,1,0,0,0
06688,17,0,0,0,1,0,0,0,1,0,1,1,0,0,1,1,0,0,1,1,1,0,1,0,1,0,0,0
0675B,17,1,1,0,1,1,0,1,0,1,1,1,0,0,1,1,0,0,1,1,1,0,1,0,1,0,0,0
0675E,17,0,1,1,1,1,0,1,0,1,1,1,0,0,1,1,0,0,1,1,1,0,1,0,1,0,0,0
06778,17,0,0,0,1,1,1,1,0,1,1,1,0,0,1,1,0,0,1,1,1,0,1,0,1,0,0,0
068AE,17,0,1,1,1,0,1,0,1,0,0,0,1,0,1,1,0,0,1,1,1,0,1,0,1,0,0,0
0694D,17,1,0,1,1,0,0,1,0,1,0,0,1,0,1,1,0,0,1,1,1,0,1,0,1,0,0,0
06AC7,17,1,1,1,0,0,0,1,1,0,1,0,1,0,1,1,0,0,1,1,1,0,1,0,1,0,0,0
06AEE,17,0,1,1,1,0,1,1,1,0,1,0,1,0,1,1,0,0,1,1,1,0,1,0,1,0,0,0
06D71,07,1,0,0,0,1,1,1,0,1,0,1,1,0,1,1,0,0,1,1,1,0,0,0,1,0,0,0
06E50,07,0,0,0,0,1,0,1,0,0,1,1,1,0,1,1,0,0,1,1,1,0,0,0,1,0,0,0
06E85,17,1,0,1,0,0,0,0,1,0,1,1,1,0,1,1,0,0,1,1,1,0,1,0,1,0,0,0
06EBC,17,0,0,1,1,1,1,0,1,0,1,1,1,0,1,1,0,0,1,1,1,0,1,0,1,0,0,0
06F5F,17,1,1,1,1,1,0,1,0,1,1,1,1,0,1,1,0,0,1,1,1,0,1,0,1,0,0,0
0701D,17,1,0,1,1,1,0,0,0,0,0,0,0,1,1,1,0,0,1,1,1,0,1,0,1,0,0,0
07208,17,0,0,0,1,0,0,0,0,0,1,0,0,1,1,1,0,0,1,1,1,0,1,0,1,0,0,0
073CF,17,1,1,1,1,0,0,1,1,1,1,0,0,1,1,1,0,0,1,1,1,0,1,0,1,0,0,0
074A5,17,1,0,1,0,0,1,0,1,0,0,1,0,1,1,1,0,0,1,1,1,0,1,0,1,0,0,0
074EE,17,0,1,1,1,0,1,1,1,0,0,1,0,1,1,1,0,0,1,1,1,0,1,0,1,0,0,0
0750F,17,1,1,1,1,0,0,0,0,1,0,1,0,1,1,1,0,0,1,1,1,0,1,0,1,0,0,0
07571,17,1,0,0,0,1,1,1,0,1,0,1,0,1,1,1,0,0,1,1,1,0,1,0,1,0,0,0
075DD,17,1,0,1,1,1,0,1,1,1,0,1,0,1,1,1,0,0,1,1,1,0,1,0,1,0,0,0
07654,17,0,0,1,0,1,0,1,0,0,1,1,0,1,1,1,0,0,1,1,1,0,1,0,1,0,0,0
078BF,17,1,1,1,1,1,1,0,1,0,0,0,1,1,1,1,0,0,1,1,1,0,1,0,1,0,0,0
078E7,17,1,1,1,0,0,1,1,1,0,0,0,1,1,1,1,0,0,1,1,1,0,1,0,1,0,0,0
078EC,17,0,0,1,1,0,1,1,1,0,0,0,1,1,1,1,0,0,1,1,1,0,1,0,1,0,0,0
07A0C,17,0,0,1,1,0,0,0,0,0,1,0,1,1,1,1,0,0,1,1,1,0,1,0,1,0,0,0
07BCA,17,0,1,0,1,0,0,1,1,1,1,0,1,1,1,1,0,0,1,1,1,0,1,0,1,0,0,0
07CB9,17,1,0,0,1,1,1,0,1,0,0,1,1,1,1,1,0,0,1,1,1,0,1,0,1,0,0,0
07E33,17,1,1,0,0,1,1,0,0,0,1,1,1,1,1,1,0,0,1,1,1,0,1,0,1,0,0,0
07EDF,17,1,1,1,1,1,0,1,1,0,1,1,1,1,1,1,0,0,1,1,1,0,1,0,1,0,0,0
08004,15,0,0,1,0,0,0,0,0,0,0,0,0,0,0,0,1,0,1,0,1,0,1,0,0,0,0,0
08021,15,1,0,0,0,0,1,0,0,0,0,0,0,0,0,0,1,0,1,0,1,0,1,0,0,0,0,0
080B3,15,1,1,0,0,1,1,0,1,0,0,0,0,0,0,0,1,0,1,0,1,0,1,0,0,0,0,0
08154,15,0,0,1,0,1,0,1,0,1,0,0,0,0,0,0,1,0,1,0,1,0,1,0,0,0,0,0
0815C,15,0,0,1,1,1,0,1,0,1,0,0,0,0,0,0,1,0,1,0,1,0,1,0,0,0,0,0
08459,15,1,0,0,1,1,0,1,0,0,0,1,0,0,0,0,1,0,1,0,1,0,1,0,0,0,0,0
08585,15,1,0,1,0,0,0,0,1,1,0,1,0,0,0,0,1,0,1,0,1,0,1,0,0,0,0,0
08835,15,1,0,1,0,1,1,0,0,0,0,0,1,0,0,0,1,0,1,0,1,0,1,0,0,0,0,0
08996,15,0,1,1,0,1,0,0,1,1,0,0,1,0,0,0,1,0,1,0,1,0,1,0,0,0,0,0
08A62,04,0,1,0,0,0,1,1,0,0,1,0,1,0,0,0,1,0,0,0,1,0,0,0,0,0,0,0
08A98,04,0,0,0,1,1,0,0,1,0,1,0,1,0,0,0,1,0,0,0,1,0,0,0,0,0,0,0
08BDF,15,1,1,1,1,1,0,1,1,1,1,0,1,0,0,0,1,0,1,0,1,0,1,0,0,0,0,0
08D9A,04,0,1,0,1,1,0,0,1,1,0,1,1,0,0,0,1,0,0,0,1,0,0,0,0,0,0,0
08DD1,04,1,0,0,0,1,0,1,1,1,0,1,1,0,0,0,1,0,0,0,1,0,0,0,0,0,0,0
08E77,15,1,1,1,0,1,1,1,0,0,1,1,1,0,0,0,1,0,1,0,1,0,1,0,0,0,0,0
090EF,15,1,1,1,1,0,1,1,1,0,0,0,0,1,0,0,1,0,1,0,1,0,1,0,0,0,0,0
09114,15,0,0,1,0,1,0,0,0,1,0,0,0,1,0,0,1,0,1,0,1,0,1,0,0,0,0,0
095FA,15,0,1,0,1,1,1,1,1,1,0,1,0,1,0,0,1,0,1,0,1,0,1,0,0,0,0,0
096DD,15,1,0,1,1,1,0,1,1,0,1,1,0,1,0,0,1,0,1,0,1,0,1,0,0,0,0,0
097F8,15,0,0,0,1,1,1,1,1,1,1,1,0,1,0,0,1,0,1,0,1,0,1,0,0,0,0,0
09927,15,1,1,1,0,0,1,0,0,1,0,0,1,1,0,0,1,0,1,0,1,0,1,0,0,0,0,0
09DE1,14,1,0,0,0,0,1,1,1,1,0,1,1,1,0,0,1,0,0,0,1,0,1,0,0,0,0,0
09F84,15,0,0,1,0,0,0,0,1,1,1,1,1,1,0,0,1,0,1,0,1,0,1,0,0,0,0,0
0A0BB,15,1,1,0,1,1,1,0,1,0,0,0,0,0,1,0,1,0,1,0,1,0,1,0,0,0,0,0
0A1AF,15,1,1,1,1,0,1,0,1,1,0,0,0,0,1,0,1,0,1,0,1,0,1,0,0,0,0,0
0A201,15,1,0,0,0,0,0,0,0,0,1,0,0,0,1,0,1,0,1,0,1,0,1,0,0,0,0,0
0A2C2,15,0,1,0,0,0,0,1,1,0,1,0,0,0,1,0,1,0,1,0,1,0,1,0,0,0,0,0
0A34B,15,1,1,0,1,0,0,1,0,1,1,0,0,0,1,0,1,0,1,0,1,0,1,0,0,0,0,0
0A374,15,0,0,1,0,1,1,1,0,1,1,0,0,0,1,0,1,0,1,0,1,0,1,0,0,0,0,0
0A412,15,0,1,0,0,1,0,0,0,0,0,1,0,0,1,0,1,0,1,0,1,0,1,0,0,0,0,0
0A5E8,15,0,0,0,1,0,1,1,1,1,0,1,0,0,1,0,1,0,1,0,1,0,1,0,0,0,0,0
0A7A0,15,0,0,0,0,0,1,0,1,1,1,1,0,0,1,0,1,0,1,0,1,0,1,0,0,0,0,0
0A8B5,15,1,0,1,0,1,1,0,1,0,0,0,1,0,1,0,1,0,1,0,1,0,1,0,0,0,0,0
0A8C0,05,0,0,0,0,0,0,1,1,0,0,0,1,0,1,0,1,0,1,0,1,0,0,0,0,0,0,0
0A924,15,0,0,1,0,0,1,0,0,1,0,0,1,0,1,0,1,0,1,0,1,0,1,0,0,0,0,0
0AA8C,15,0,0,1,1,0,0,0,1,0,1,0,1,0,1,0,1,0,1,0,1,0,1,0,0,0,0,0
0AB66,15,0,1,1,0,0,1,1,0,1,1,0,1,0,1,0,1,0,1,0,1,0,1,0,0,0,0,0
0AB7D,15,1,0,1,1,1,1,1,0,1,1,0,1,0,1,0,1,0,1,0,1,0,1,0,0,0,0,0
0AC02,05,0,1,0,0,0,0,0,0,0,0,1,1,0,1,0,1,0,1,0,1,0,0,0,0,0,0,0
0AC2E,15,0,1,1,1,0,1,0,0,0,0,1,1,0,1,0,1,0,1,0,1,0,1,0,0,0,0,0
0ACA3,05,1,1,0,0,0,1,0,1,0,0,1,1,0,1,0,1,0,1,0,1,0,0,0,0,0,0,0
0ADC4,15,0,0,1,0,0,0,1,1,1,0,1,1,0,1,0,1,0,1,0,1,0,1,0,0,0,0,0
0AE66,15,0,1,1,0,0,1,1,0,0,1,1,1,0,1,0,1,0,1,0,1,0,1,0,0,0,0,0
0AE70,05,0,0,0,0,1,1,1,0,0,1,1,1,0,1,0,1,0,1,0,1,0,0,0,0,0,0,0
0AFA2,05,0,1,0,0,0,1,0,1,1,1,1,1,0,1,0,1,0,1,0,1,0,0,0,0,0,0,0
0B04E,15,0,1,1,1,0,0,1,0,0,0,0,0,1,1,0,1,0,1,0,1,0,1,0,0,0,0,0
0B100,15,0,0,0,0,0,0,0,0,1,0,0,0,1,1,0,1,0,1,0,1,0,1,0,0,0,0,0
0B128,15,0,0,0,1,0,1,0,0,1,0,0,0,1,1,0,1,0,1,0,1,0,1,0,0,0,0,0
0B166,15,0,1,1,0,0,1,1,0,1,0,0,0,1,1,0,1,0,1,0,1,0,1,0,0,0,0,0
0B481,15,1,0,0,0,0,0,0,1,0,0,1,0,1,1,0,1,0,1,0,1,0,1,0,0,0,0,0
0B576,15,0,1,1,0,1,1,1,0,1,0,1,0,1,1,0,1,0,1,0,1,0,1,0,0,0,0,0
0B5D7,15,1,1,1,0,1,0,1,1,1,0,1,0,1,1,0,1,0,1,0,1,0,1,0,0,0,0,0
0B66E,15,0,1,1,1,0,1,1,0,0,1,1,0,1,1,0,1,0,1,0,1,0,1,0,0,0,0,0
0B7E0,15,0,0,0,0,0,1,1,1,1,1,1,0,1,1,0,1,0,1,0,1,0,1,0,0,0,0,0
0B91F,15,1,1,1,1,1,0,0,0,1,0,0,1,1,1,0,1,0,1,0,1,0,1,0,0,0,0,0
0BB9E,15,0,1,1,1,1,0,0,1,1,1,0,1,1,1,0,1,0,1,0,1,0,1,0,0,0,0,0
0BD0A,15,0,1,0,1,0,0,0,0,1,0,1,1,1,1,0,1,0,1,0,1,0,1,0,0,0,0,0
0BE5E,15,0,1,1,1,1,0,1,0,0,1,1,1,1,1,0,1,0,1,0,1,0,1,0,0,0,0,0
0BF4B,15,1,1,0,1,0,0,1,0,1,1,1,1,1,1,0,1,0,1,0,1,0,1,0,0,0,0,0
0C06E,17,0,1,1,1,0,1,1,0,0,0,0,0,0,0,1,1,0,1,1,1,0,1,0,1,0,0,0
0C08D,17,1,0,1,1,0,0,0,1,0,0,0,0,0,0,1,1,0,1,1,1,0,1,0,1,0,0,0
0C265,17,1,0,1,0,0,1,1,0,0,1,0,0,0,0,1,1,0,1,1,1,0,1,0,1,0,0,0
0C267,17,1,1,1,0,0,1,1,0,0,1,0,0,0,0,1,1,0,1,1,1,0,1,0,1,0,0,0
0C6C7,17,1,1,1,0,0,0,1,1,0,1,1,0,0,0,1,1,0,1,1,1,0,1,0,1,0,0,0
0CA19,06,1,0,0,1,1,0,0,0,0,1,0,1,0,0,1,1,0,0,1,1,0,0,0,1,0,0,0
0CBA7,17,1,1,1,0,0,1,0,1,1,1,0,1,0,0,1,1,0,1,1,1,0,1,0,1,0,0,0
0CBFF,17,1,1,1,1,1,1,1,1,1,1,0,1,0,0,1,1,0,1,1,1,0,1,0,1,0,0,0
0CC4E,17,0,1,1,1,0,0,1,0,0,0,1,1,0,0,1,1,0,1,1,1,0,1,0,1,0,0,0
0CCA2,06,0,1,0,0,0,1,0,1,0,0,1,1,0,0,1,1,0,0,1,1,0,0,0,1,0,0,0
0CD37,17,1,1,1,0,1,1,0,0,1,0,1,1,0,0,1,1,0,1,1,1,0,1,0,1,0,0,0
0CD42,06,0,1,0,0,0,0,1,0,1,0,1,1,0,0,1,1,0,0,1,1,0,0,0,1,0,0,0
0CDAC,17,0,0,1,1,0,1,0,1,1,0,1,1,0,0,1,1,0,1,1,1,0,1,0,1,0,0,0
0D0BC,17,0,0,1,1,1,1,0,1,0,0,0,0,1,0,1,1,0,1,1,1,0,1,0,1,0,0,0
0D0CE,17,0,1,1,1,0,0,1,1,0,0,0,0,1,0,1,1,0,1,1,1,0,1,0,1,0,0,0
0D1BC,17,0,0,1,1,1,1,0,1,1,0,0,0,1,0,1,1,0,1,1,1,0,1,0,1,0,0,0
0D25D,17,1,0,1,1,1,0,1,0,0,1,0,0,1,0,1,1,0,1,1,1,0,1,0,1,0,0,0
0D26A,17,0,1,0,1,0,1,1,0,0,1,0,0,1,0,1,1,0,1,1,1,0,1,0,1,0,0,0
0D2B3,17,1,1,0,0,1,1,0,1,0,1,0,0,1,0,1,1,0,1,1,1,0,1,0,1,0,0,0
0D390,17,0,0,0,0,1,0,0,1,1,1,0,0,1,0,1,1,0,1,1,1,0,1,0,1,0,0,0
0D3B3,17,1,1,0,0,1,1,0,1,1,1,0,0,1,0,1,1,0,1,1,1,0,1,0,1,0,0,0
0D498,17,0,0,0,1,1,0,0,1,0,0,1,0,1,0,1,1,0,1,1,1,0,1,0,1,0,0,0
0D4D3,17,1,1,0,0,1,0,1,1,0,0,1,0,1,0,1,1,0,1,1,1,0,1,0,1,0,0,0
0D5F5,17,1,0,1,0,1,1,1,1,1,0,1,0,1,0,1,1,0,1,1,1,0,1,0,1,0,0,0
0D61B,17,1,1,0,1,1,0,0,0,0,1,1,0,1,0,1,1,0,1,1,1,0,1,0,1,0,0,0
0D6FE,17,0,1,1,1,1,1,1,1,0,1,1,0,1,0,1,1,0,1,1,1,0,1,0,1,0,0,0
0D91A,16,0,1,0,1,1,0,0,0,1,0,0,1,1,0,1,1,0,0,1,1,0,1,0,1,0,0,0
0D939,16,1,0,0,1,1,1,0,0,1,0,0,1,1,0,1,1,0,0,1,1,0,1,0,1,0,0,0
0DA14,17,0,0,1,0,1,0,0,0,0,1,0,1,1,0,1,1,0,1,1,1,0,1,0,1,0,0,0
0DA24,17,0,0,1,0,0,1,0,0,0,1,0,1,1,0,1,1,0,1,1,1,0,1,0,1,0,0,0
0DC5B,16,1,1,0,1,1,0,1,0,0,0,1,1,1,0,1,1,0,0,1,1,0,1,0,1,0,0,0
0DDCC,17,0,0,1,1,0,0,1,1,1,0,1,1,1,0,1,1,0,1,1,1,0,1,0,1,0,0,0
0DED0,16,0,0,0,0,1,0,1,1,0,1,1,1,1,0,1,1,0,0,1,1,0,1,0,1,0,0,0
0DED7,17,1,1,1,0,1,0,1,1,0,1,1,1,1,0,1,1,0,1,1,1,0,1,0,1,0,0,0
0E008,17,0,0,0,1,0,0,0,0,0,0,0,0,0,1,1,1,0,1,1,1,0,1,0,1,0,0,0
0E0BC,17,0,0,1,1,1,1,0,1,0,0,0,0,0,1,1,1,0,1,1,1,0,1,0,1,0,0,0
0E170,17,0,0,0,0,1,1,1,0,1,0,0,0,0,1,1,1,0,1,1,1,0,1,0,1,0,0,0
0E1E4,17,0,0,1,0,0,1,1,1,1,0,0,0,0,1,1,1,0,1,1,1,0,1,0,1,0,0,0
0E303,17,1,1,0,0,0,0,0,0,1,1,0,0,0,1,1,1,0,1,1,1,0,1,0,1,0,0,0
0E48D,17,1,0,1,1,0,0,0,1,0,0,1,0,0,1,1,1,0,1,1,1,0,1,0,1,0,0,0
0E515,17,1,0,1,0,1,0,0,0,1,0,1,0,0,1,1,1,0,1,1,1,0,1,0,1,0,0,0
0E676,17,0,1,1,0,1,1,1,0,0,1,1,0,0,1,1,1,0,1,1,1,0,1,0,1,0,0,0
0E6C8,17,0,0,0,1,0,0,1,1,0,1,1,0,0,1,1,1,0,1,1,1,0,1,0,1,0,0,0
0E725,17,1,0,1,0,0,1,0,0,1,1,1,0,0,1,1,1,0,1,1,1,0,1,0,1,0,0,0
0E862,07,0,1,0,0,0,1,1,0,0,0,0,1,0,1,1,1,0,1,1,1,0,0,0,1,0,0,0
0E8E2,07,0,1,0,0,0,1,1,1,0,0,0,1,0,1,1,1,0,1,1,1,0,0,0,1,0,0,0
0EA40,07,0,0,0,0,0,0,1,0,0,1,0,1,0,1,1,1,0,1,1,1,0,0,0,1,0,0,0
0EB1D,17,1,0,1,1,1,0,0,0,1,1,0,1,0,1,1,1,0,1,1,1,0,1,0,1,0,0,0
0EC68,07,0,0,0,1,0,1,1,0,0,0,1,1,0,1,1,1,0,1,1,1,0,0,0,1,0,0,0
0EDBF,17,1,1,1,1,1,1,0,1,1,0,1,1,0,1,1,1,0,1,1,1,0,1,0,1,0,0,0
0EEAD,17,1,0,1,1,0,1,0,1,0,1,1,1,0,1,1,1,0,1,1,1,0,1,0,1,0,0,0
0EF22,07,0,1,0,0,0,1,0,0,1,1,1,1,0,1,1,1,0,1,1,1,0,0,0,1,0,0,0
0F045,17,1,0,1,0,0,0,1,0,0,0,0,0,1,1,1,1,0,1,1,1,0,1,0,1,0,0,0
0F0D5,17,1,0,1,0,1,0,1,1,0,0,0,0,1,1,1,1,0,1,1,1,0,1,0,1,0,0,0
0F418,17,0,0,0,1,1,0,0,0,0,0,1,0,1,1,1,1,0,1,1,1,0,1,0,1,0,0,0
0F562,17,0,1,0,0,0,1,1,0,1,0,1,0,1,1,1,1,0,1,1,1,0,1,0,1,0,0,0
0F6C6,17,0,1,1,0,0,0,1,1,0,1,1,0,1,1,1,1,0,1,1,1,0,1,0,1,0,0,0
0F736,17,0,1,1,0,1,1,0,0,1,1,1,0,1,1,1,1,0,1,1,1,0,1,0,1,0,0,0
0F80D,17,1,0,1,1,0,0,0,0,0,0,0,1,1,1,1,1,0,1,1,1,0,1,0,1,0,0,0
0F890,17,0,0,0,0,1,0,0,1,0,0,0,1,1,1,1,1,0,1,1,1,0,1,0,1,0,0,0
0F99C,17,0,0,1,1,1,0,0,1,1,0,0,1,1,1,1,1,0,1,1,1,0,1,0,1,0,0,0
0FAFA,17,0,1,0,1,1,1,1,1,0,1,0,1,1,1,1,1,0,1,1,1,0,1,0,1,0,0,0
0FBBF,17,1,1,1,1,1,1,0,1,1,1,0,1,1,1,1,1,0,1,1,1,0,1,0,1,0,0,0
0FC4B,17,1,1,0,1,0,0,1,0,0,0,1,1,1,1,1,1,0,1,1,1,0,1,0,1,0,0,0
0FD3B,17,1,1,0,1,1,1,0,0,1,0,1,1,1,1,1,1,0,1,1,1,0,1,0,1,0,0,0
0FE2C,17,0,0,1,1,0,1,0,0,0,1,1,1,1,1,1,1,0,1,1,1,0,1,0,1,0,0,0
0FF8C,17,0,0,1,1,0,0,0,1,1,1,1,1,1,1,1,1,0,1,1,1,0,1,0,1,0,0,0
10010,15,0,0,0,0,1,0,0,0,0,0,0,0,0,0,0,0,1,1,0,1,0,1,0,0,0,0,0
10039,15,1,0,0,1,1,1,0,0,0,0,0,0,0,0,0,0,1,1,0,1,0,1,0,0,0,0,0
1009C,15,0,0,1,1,1,0,0,1,0,0,0,0,0,0,0,0,1,1,0,1,0,1,0,0,0,0,0
100E7,15,1,1,1,0,0,1,1,1,0,0,0,0,0,0,0,0,1,1,0,1,0,1,0,0,0,0,0
1026A,15,0,1,0,1,0,1,1,0,0,1,0,0,0,0,0,0,1,1,0,1,0,1,0,0,0,0,0
102A6,15,0,1,1,0,0,1,0,1,0,1,0,0,0,0,0,0,1,1,0,1,0,1,0,0,0,0,0
1037D,15,1,0,1,1,1,1,1,0,1,1,0,0,0,0,0,0,1,1,0,1,0,1,0,0,0,0,0
1038A,15,0,1,0,1,0,0,0,1,1,1,0,0,0,0,0,0,1,1,0,1,0,1,0,0,0,0,0
10530,15,0,0,0,0,1,1,0,0,1,0,1,0,0,0,0,0,1,1,0,1,0,1,0,0,0,0,0
1054E,15,0,1,1,1,0,0,1,0,1,0,1,0,0,0,0,0,1,1,0,1,0,1,0,0,0,0,0
10557,15,1,1,1,0,1,0,1,0,1,0,1,0,0,0,0,0,1,1,0,1,0,1,0,0,0,0,0
1056B,15,1,1,0,1,0,1,1,0,1,0,1,0,0,0,0,0,1,1,0,1,0,1,0,0,0,0,0
10829,04,1,0,0,1,0,1,0,0,0,0,0,1,0,0,0,0,1,0,0,1,0,0,0,0,0,0,0
1089F,15,1,1,1,1,1,0,0,1,0,0,0,1,0,0,0,0,1,1,0,1,0,1,0,0,0,0,0
1094D,15,1,0,1,1,0,0,1,0,1,0,0,1,0,0,0,0,1,1,0,1,0,1,0,0,0,0,0
10954,15,0,0,1,0,1,0,1,0,1,0,0,1,0,0,0,0,1,1,0,1,0,1,0,0,0,0,0
10AA5,15,1,0,1,0,0,1,0,1,0,1,0,1,0,0,0,0,1,1,0,1,0,1,0,0,0,0,0
110B8,15,0,0,0,1,1,1,0,1,0,0,0,0,1,0,0,0,1,1,0,1,0,1,0,0,0,0,0
110EE,15,0,1,1,1,0,1,1,1,0,0,0,0,1,0,0,0,1,1,0,1,0,1,0,0,0,0,0
11120,15,0,0,0,0,0,1,0,0,1,0,0,0,1,0,0,0,1,1,0,1,0,1,0,0,0,0,0
111F2,15,0,1,0,0,1,1,1,1,1,0,0,0,1,0,0,0,1,1,0,1,0,1,0,0,0,0,0
11271,15,1,0,0,0,1,1,1,0,0,1,0,0,1,0,0,0,1,1,0,1,0,1,0,0,0,0,0
1127F,15,1,1,1,1,1,1,1,0,0,1,0,0,1,0,0,0,1,1,0,1,0,1,0,0,0,0,0
11316,15,0,1,1,0,1,0,0,0,1,1,0,0,1,0,0,0,1,1,0,1,0,1,0,0,0,0,0
113BD,15,1,0,1,1,1,1,0,1,1,1,0,0,1,0,0,0,1,1,0,1,0,1,0,0,0,0,0
11776,15,0,1,1,0,1,1,1,0,1,1,1,0,1,0,0,0,1,1,0,1,0,1,0,0,0,0,0
117C8,15,0,0,0,1,0,0,1,1,1,1,1,0,1,0,0,0,1,1,0,1,0,1,0,0,0,0,0
119D4,15,0,0,1,0,1,0,1,1,1,0,0,1,1,0,0,0,1,1,0,1,0,1,0,0,0,0,0
11B8F,15,1,1,1,1,0,0,0,1,1,1,0,1,1,0,0,0,1,1,0,1,0,1,0,0,0,0,0
11BD5,15,1,0,1,0,1,0,1,1,1,1,0,1,1,0,0,0,1,1,0,1,0,1,0,0,0,0,0
11C48,14,0,0,0,1,0,0,1,0,0,0,1,1,1,0,0,0,1,0,0,1,0,1,0,0,0,0,0
11C56,15,0,1,1,0,1,0,1,0,0,0,1,1,1,0,0,0,1,1,0,1,0,1,0,0,0,0,0
11F86,15,0,1,1,0,0,0,0,1,1,1,1,1,1,0,0,0,1,1,0,1,0,1,0,0,0,0,0
11FF2,14,0,1,0,0,1,1,1,1,1,1,1,1,1,0,0,0,1,0,0,1,0,1,0,0,0,0,0
1201A,15,0,1,0,1,1,0,0,0,0,0,0,0,0,1,0,0,1,1,0,1,0,1,0,0,0,0,0
122DD,15,1,0,1,1,1,0,1,1,0,1,0,0,0,1,0,0,1,1,0,1,0,1,0,0,0,0,0
122FA,15,0,1,0,1,1,1,1,1,0,1,0,0,0,1,0,0,1,1,0,1,0,1,0,0,0,0,0
1239D,15,1,0,1,1,1,0,0,1,1,1,0,0,0,1,0,0,1,1,0,1,0,1,0,0,0,0,0
128BC,15,0,0,1,1,1,1,0,1,0,0,0,1,0,1,0,0,1,1,0,1,0,1,0,0,0,0,0
12940,05,0,0,0,0,0,0,1,0,1,0,0,1,0,1,0,0,1,1,0,1,0,0,0,0,0,0,0
129CD,15,1,0,1,1,0,0,1,1,1,0,0,1,0,1,0,0,1,1,0,1,0,1,0,0,0,0,0
12A34,15,0,0,1,0,1,1,0,0,0,1,0,1,0,1,0,0,1,1,0,1,0,1,0,0,0,0,0
12C88,05,0,0,0,1,0,0,0,1,0,0,1,1,0,1,0,0,1,1,0,1,0,0,0,0,0,0,0
12D14,15,0,0,1,0,1,0,0,0,1,0,1,1,0,1,0,0,1,1,0,1,0,1,0,0,0,0,0
12D8F,15,1,1,1,1,0,0,0,1,1,0,1,1,0,1,0,0,1,1,0,1,0,1,0,0,0,0,0
12E91,05,1,0,0,0,1,0,0,1,0,1,1,1,0,1,0,0,1,1,0,1,0,0,0,0,0,0,0
12EA4,15,0,0,1,0,0,1,0,1,0,1,1,1,0,1,0,0,1,1,0,1,0,1,0,0,0,0,0
12EA5,15,1,0,1,0,0,1,0,1,0,1,1,1,0,1,0,0,1,1,0,1,0,1,0,0,0,0,0
12ED5,15,1,0,1,0,1,0,1,1,0,1,1,1,0,1,0,0,1,1,0,1,0,1,0,0,0,0,0
12F2D,15,1,0,1,1,0,1,0,0,1,1,1,1,0,1,0,0,1,1,0,1,0,1,0,0,0,0,0
12F80,05,0,0,0,0,0,0,0,1,1,1,1,1,0,1,0,0,1,1,0,1,0,0,0,0,0,0,0
12F86,15,0,1,1,0,0,0,0,1,1,1,1,1,0,1,0,0,1,1,0,1,0,1,0,0,0,0,0
13107,15,1,1,1,0,0,0,0,0,1,0,0,0,1,1,0,0,1,1,0,1,0,1,0,0,0,0,0
131C5,15,1,0,1,0,0,0,1,1,1,0,0,0,1,1,0,0,1,1,0,1,0,1,0,0,0,0,0
131E3,15,1,1,0,0,0,1,1,1,1,0,0,0,1,1,0,0,1,1,0,1,0,1,0,0,0,0,0
13219,15,1,0,0,1,1,0,0,0,0,1,0,0,1,1,0,0,1,1,0,1,0,1,0,0,0,0,0
132C1,15,1,0,0,0,0,0,1,1,0,1,0,0,1,1,0,0,1,1,0,1,0,1,0,0,0,0,0
13613,15,1,1,0,0,1,0,0,0,0,1,1,0,1,1,0,0,1,1,0,1,0,1,0,0,0,0,0
136A6,15,0,1,1,0,0,1,0,1,0,1,1,0,1,1,0,0,1,1,0,1,0,1,0,0,0,0,0
1381D,15,1,0,1,1,1,0,0,0,0,0,0,1,1,1,0,0,1,1,0,1,0,1,0,0,0,0,0
138AA,15,0,1,0,1,0,1,0,1,0,0,0,1,1,1,0,0,1,1,0,1,0,1,0,0,0,0,0
138F5,15,1,0,1,0,1,1,1,1,0,0,0,1,1,1,0,0,1,1,0,1,0,1,0,0,0,0,0
139BD,15,1,0,1,1,1,1,0,1,1,0,0,1,1,1,0,0,1,1,0,1,0,1,0,0,0,0,0
13A25,15,1,0,1,0,0,1,0,0,0,1,0,1,1,1,0,0,1,1,0,1,0,1,0,0,0,0,0
13AB2,15,0,1,0,0,1,1,0,1,0,1,0,1,1,1,0,0,1,1,0,1,0,1,0,0,0,0,0
13BEF,15,1,1,1,1,0,1,1,1,1,1,0,1,1,1,0,0,1,1,0,1,0,1,0,0,0,0,0
13DCF,15,1,1,1,1,0,0,1,1,1,0,1,1,1,1,0,0,1,1,0,1,0,1,0,0,0,0,0
13E9A,15,0,1,0,1,1,0,0,1,0,1,1,1,1,1,0,0,1,1,0,1,0,1,0,0,0,0,0
13EB8,15,0,0,0,1,1,1,0,1,0,1,1,1,1,1,0,0,1,1,0,1,0,1,0,0,0,0,0
13F49,15,1,0,0,1,0,0,1,0,1,1,1,1,1,1,0,0,1,1,0,1,0,1,0,0,0,0,0
13F7E,15,0,1,1,1,1,1,1,0,1,1,1,1,1,1,0,0,1,1,0,1,0,1,0,0,0,0,0
1407F,17,1,1,1,1,1,1,1,0,0,0,0,0,0,0,1,0,1,1,1,1,0,1,0,1,0,0,0
140CC,17,0,0,1,1,0,0,1,1,0,0,0,0,0,0,1,0,1,1,1,1,0,1,0,1,0,0,0
14201,17,1,0,0,0,0,0,0,0,0,1,0,0,0,0,1,0,1,1,1,1,0,1,0,1,0,0,0
143A7,17,1,1,1,0,0,1,0,1,1,1,0,0,0,0,1,0,1,1,1,1,0,1,0,1,0,0,0
14456,17,0,1,1,0,1,0,1,0,0,0,1,0,0,0,1,0,1,1,1,1,0,1,0,1,0,0,0
144DA,17,0,1,0,1,1,0,1,1,0,0,1,0,0,0,1,0,1,1,1,1,0,1,0,1,0,0,0
144F7,17,1,1,1,0,1,1,1,1,0,0,1,0,0,0,1,0,1,1,1,1,0,1,0,1,0,0,0
14508,17,0,0,0,1,0,0,0,0,1,0,1,0,0,0,1,0,1,1,1,1,0,1,0,1,0,0,0
1450C,17,0,0,1,1,0,0,0,0,1,0,1,0,0,0,1,0,1,1,1,1,0,1,0,1,0,0,0
14775,17,1,0,1,0,1,1,1,0,1,1,1,0,0,0,1,0,1,1,1,1,0,1,0,1,0,0,0
147EF,17,1,1,1,1,0,1,1,1,1,1,1,0,0,0,1,0,1,1,1,1,0,1,0,1,0,0,0
1486C,17,0,0,1,1,0,1,1,0,0,0,0,1,0,0,1,0,1,1,1,1,0,1,0,1,0,0,0
148F4,17,0,0,1,0,1,1,1,1,0,0,0,1,0,0,1,0,1,1,1,1,0,1,0,1,0,0,0
149BA,06,0,1,0,1,1,1,0,1,1,0,0,1,0,0,1,0,1,0,1,1,0,0,0,1,0,0,0
14B74,17,0,0,1,0,1,1,1,0,1,1,0,1,0,0,1,0,1,1,1,1,0,1,0,1,0,0,0
14D27,17,1,1,1,0,0,1,0,0,1,0,1,1,0,0,1,0,1,1,1,1,0,1,0,1,0,0,0
14D47,17,1,1,1,0,0,0,1,0,1,0,1,1,0,0,1,0,1,1,1,1,0,1,0,1,0,0,0
14F18,06,0,0,0,1,1,0,0,0,1,1,1,1,0,0,1,0,1,0,1,1,0,0,0,1,0,0,0
14F9B,06,1,1,0,1,1,0,0,1,1,1,1,1,0,0,1,0,1,0,1,1,0,0,0,1,0,0,0
14FF7,17,1,1,1,0,1,1,1,1,1,1,1,1,0,0,1,0,1,1,1,1,0,1,0,1,0,0,0
15315,17,1,0,1,0,1,0,0,0,1,1,0,0,1,0,1,0,1,1,1,1,0,1,0,1,0,0,0
15435,17,1,0,1,0,1,1,0,0,0,0,1,0,1,0,1,0,1,1,1,1,0,1,0,1,0,0,0
154AE,17,0,1,1,1,0,1,0,1,0,0,1,0,1,0,1,0,1,1,1,1,0,1,0,1,0,0,0
1565B,17,1,1,0,1,1,0,1,0,0,1,1,0,1,0,1,0,1,1,1,1,0,1,0,1,0,0,0
15813,16,1,1,0,0,1,0,0,0,0,0,0,1,1,0,1,0,1,0,1,1,0,1,0,1,0,0,0
15909,16,1,0,0,1,0,0,0,0,1,0,0,1,1,0,1,0,1,0,1,1,0,1,0,1,0,0,0
15ACC,17,0,0,1,1,0,0,1,1,0,1,0,1,1,0,1,0,1,1,1,1,0,1,0,1,0,0,0
15AFB,16,1,1,0,1,1,1,1,1,0,1,0,1,1,0,1,0,1,0,1,1,0,1,0,1,0,0,0
15B04,17,0,0,1,0,0,0,0,0,1,1,0,1,1,0,1,0,1,1,1,1,0,1,0,1,0,0,0
15B3B,16,1,1,0,1,1,1,0,0,1,1,0,1,1,0,1,0,1,0,1,1,0,1,0,1,0,0,0
15B82,16,0,1,0,0,0,0,0,1,1,1,0,1,1,0,1,0,1,0,1,1,0,1,0,1,0,0,0
15C73,16,1,1,0,0,1,1,1,0,0,0,1,1,1,0,1,0,1,0,1,1,0,1,0,1,0,0,0
15D14,17,0,0,1,0,1,0,0,0,1,0,1,1,1,0,1,0,1,1,1,1,0,1,0,1,0,0,0
15F95,17,1,0,1,0,1,0,0,1,1,1,1,1,1,0,1,0,1,1,1,1,0,1,0,1,0,0,0
16013,17,1,1,0,0,1,0,0,0,0,0,0,0,0,1,1,0,1,1,1,1,0,1,0,1,0,0,0
1601A,17,0,1,0,1,1,0,0,0,0,0,0,0,0,1,1,0,1,1,1,1,0,1,0,1,0,0,0
160B0,17,0,0,0,0,1,1,0,1,0,0,0,0,0,1,1,0,1,1,1,1,0,1,0,1,0,0,0
161FF,17,1,1,1,1,1,1,1,1,1,0,0,0,0,1,1,0,1,1,1,1,0,1,0,1,0,0,0
16262,17,0,1,0,0,0,1,1,0,0,1,0,0,0,1,1,0,1,1,1,1,0,1,0,1,0,0,0
16341,17,1,0,0,0,0,0,1,0,1,1,0,0,0,1,1,0,1,1,1,1,0,1,0,1,0,0,0
16455,17,1,0,1,0,1,0,1,0,0,0,1,0,0,1,1,0,1,1,1,1,0,1,0,1,0,0,0
1669E,17,0,1,1,1,1,0,0,1,0,1,1,0,0,1,1,0,1,1,1,1,0,1,0,1,0,0,0
169C0,07,0,0,0,0,0,0,1,1,1,0,0,1,0,1,1,0,1,1,1,1,0,0,0,1,0,0,0
16B76,17,0,1,1,0,1,1,1,0,1,1,0,1,0,1,1,0,1,1,1,1,0,1,0,1,0,0,0
16C5D,17,1,0,1,1,1,0,1,0,0,0,1,1,0,1,1,0,1,1,1,1,0,1,0,1,0,0,0
16D5A,07,0,1,0,1,1,0,1,0,1,0,1,1,0,1,1,0,1,1,1,1,0,0,0,1,0,0,0
16D61,07,1,0,0,0,0,1,1,0,1,0,1,1,0,1,1,0,1,1,1,1,0,0,0,1,0,0,0
16D85,17,1,0,1,0,0,0,0,1,1,0,1,1,0,1,1,0,1,1,1,1,0,1,0,1,0,0,0
16FCF,17,1,1,1,1,0,0,1,1,1,1,1,1,0,1,1,0,1,1,1,1,0,1,0,1,0,0,0
1700C,17,0,0,1,1,0,0,0,0,0,0,0,0,1,1,1,0,1,1,1,1,0,1,0,1,0,0,0
1711D,17,1,0,1,1,1,0,0,0,1,0,0,0,1,1,1,0,1,1,1,1,0,1,0,1,0,0,0
1757D,17,1,0,1,1,1,1,1,0,1,0,1,0,1,1,1,0,1,1,1,1,0,1,0,1,0,0,0
175A6,17,0,1,1,0,0,1,0,1,1,0,1,0,1,1,1,0,1,1,1,1,0,1,0,1,0,0,0
177EF,17,1,1,1,1,0,1,1,1,1,1,1,0,1,1,1,0,1,1,1,1,0,1,0,1,0,0,0
178F1,17,1,0,0,0,1,1,1,1,0,0,0,1,1,1,1,0,1,1,1,1,0,1,0,1,0,0,0
17989,17,1,0,0,1,0,0,0,1,1,0,0,1,1,1,1,0,1,1,1,1,0,1,0,1,0,0,0
17B6A,17,0,1,0,1,0,1,1,0,1,1,0,1,1,1,1,0,1,1,1,1,0,1,0,1,0,0,0
17C88,17,0,0,0,1,0,0,0,1,0,0,1,1,1,1,1,0,1,1,1,1,0,1,0,1,0,0,0
17EB2,17,0,1,0,0,1,1,0,1,0,1,1,1,1,1,1,0,1,1,1,1,0,1,0,1,0,0,0
17FB2,17,0,1,0,0,1,1,0,1,1,1,1,1,1,1,1,0,1,1,1,1,0,1,0,1,0,0,0
18240,15,0,0,0,0,0,0,1,0,0,1,0,0,0,0,0,1,1,1,0,1,0,1,0,0,0,0,0
1829E,15,0,1,1,1,1,0,0,1,0,1,0,0,0,0,0,1,1,1,0,1,0,1,0,0,0,0,0
1830A,15,0,1,0,1,0,0,0,0,1,1,0,0,0,0,0,1,1,1,0,1,0,1,0,0,0,0,0
1831C,15,0,0,1,1,1,0,0,0,1,1,0,0,0,0,0,1,1,1,0,1,0,1,0,0,0,0,0
1835B,15,1,1,0,1,1,0,1,0,1,1,0,0,0,0,0,1,1,1,0,1,0,1,0,0,0,0,0
183F1,15,1,0,0,0,1,1,1,1,1,1,0,0,0,0,0,1,1,1,0,1,0,1,0,0,0,0,0
18455,15,1,0,1,0,1,0,1,0,0,0,1,0,0,0,0,1,1,1,0,1,0,1,0,0,0,0,0
184B9,15,1,0,0,1,1,1,0,1,0,0,1,0,0,0,0,1,1,1,0,1,0,1,0,0,0,0,0
1855B,15,1,1,0,1,1,0,1,0,1,0,1,0,0,0,0,1,1,1,0,1,0,1,0,0,0,0,0
1865A,15,0,1,0,1,1,0,1,0,0,1,1,0,0,0,0,1,1,1,0,1,0,1,0,0,0,0,0
18787,15,1,1,1,0,0,0,0,1,1,1,1,0,0,0,0,1,1,1,0,1,0,1,0,0,0,0,0
18790,15,0,0,0,0,1,0,0,1,1,1,1,0,0,0,0,1,1,1,0,1,0,1,0,0,0,0,0
18874,15,0,0,1,0,1,1,1,0,0,0,0,1,0,0,0,1,1,1,0,1,0,1,0,0,0,0,0
188E5,15,1,0,1,0,0,1,1,1,0,0,0,1,0,0,0,1,1,1,0,1,0,1,0,0,0,0,0
18931,04,1,0,0,0,1,1,0,0,1,0,0,1,0,0,0,1,1,0,0,1,0,0,0,0,0,0,0
18BD5,15,1,0,1,0,1,0,1,1,1,1,0,1,0,0,0,1,1,1,0,1,0,1,0,0,0,0,0
18E80,04,0,0,0,0,0,0,0,1,0,1,1,1,0,0,0,1,1,0,0,1,0,0,0,0,0,0,0
18F2A,04,0,1,0,1,0,1,0,0,1,1,1,1,0,0,0,1,1,0,0,1,0,0,0,0,0,0,0
18F6C,15,0,0,1,1,0,1,1,0,1,1,1,1,0,0,0,1,1,1,0,1,0,1,0,0,0,0,0
18FD9,04,1,0,0,1,1,0,1,1,1,1,1,1,0,0,0,1,1,0,0,1,0,0,0,0,0,0,0
190A8,15,0,0,0,1,0,1,0,1,0,0,0,0,1,0,0,1,1,1,0,1,0,1,0,0,0,0,0
192B1,15,1,0,0,0,1,1,0,1,0,1,0,0,1,0,0,1,1,1,0,1,0,1,0,0,0,0,0
192CB,15,1,1,0,1,0,0,1,1,0,1,0,0,1,0,0,1,1,1,0,1,0,1,0,0,0,0,0
1930B,15,1,1,0,1,0,0,0,0,1,1,0,0,1,0,0,1,1,1,0,1,0,1,0,0,0,0,0
1930D,15,1,0,1,1,0,0,0,0,1,1,0,0,1,0,0,1,1,1,0,1,0,1,0,0,0,0,0
19460,15,0,0,0,0,0,1,1,0,0,0,1,0,1,0,0,1,1,1,0,1,0,1,0,0,0,0,0
19535,15,1,0,1,0,1,1,0,0,1,0,1,0,1,0,0,1,1,1,0,1,0,1,0,0,0,0,0
196C6,15,0,1,1,0,0,0,1,1,0,1,1,0,1,0,0,1,1,1,0,1,0,1,0,0,0,0,0
196D9,15,1,0,0,1,1,0,1,1,0,1,1,0,1,0,0,1,1,1,0,1,0,1,0,0,0,0,0
19758,15,0,0,0,1,1,0,1,0,1,1,1,0,1,0,0,1,1,1,0,1,0,1,0,0,0,0,0
1981E,15,0,1,1,1,1,0,0,0,0,0,0,1,1,0,0,1,1,1,0,1,0,1,0,0,0,0,0
198FD,15,1,0,1,1,1,1,1,1,0,0,0,1,1,0,0,1,1,1,0,1,0,1,0,0,0,0,0
19AB5,15,1,0,1,0,1,1,0,1,0,1,0,1,1,0,0,1,1,1,0,1,0,1,0,0,0,0,0
19B6A,14,0,1,0,1,0,1,1,0,1,1,0,1,1,0,0,1,1,0,0,1,0,1,0,0,0,0,0
19BFB,14,1,1,0,1,1,1,1,1,1,1,0,1,1,0,0,1,1,0,0,1,0,1,0,0,0,0,0
19DFD,15,1,0,1,1,1,1,1,1,1,0,1,1,1,0,0,1,1,1,0,1,0,1,0,0,0,0,0
19E29,14,1,0,0,1,0,1,0,0,0,1,1,1,1,0,0,1,1,0,0,1,0,1,0,0,0,0,0
19EFA,14,0,1,0,1,1,1,1,1,0,1,1,1,1,0,0,1,1,0,0,1,0,1,0,0,0,0,0
1A05B,15,1,1,0,1,1,0,1,0,0,0,0,0,0,1,0,1,1,1,0,1,0,1,0,0,0,0,0
1A205,15,1,0,1,0,0,0,0,0,0,1,0,0,0,1,0,1,1,1,0,1,0,1,0,0,0,0,0
1A2C7,15,1,1,1,0,0,0,1,1,0,1,0,0,0,1,0,1,1,1,0,1,0,1,0,0,0,0,0
1A623,15,1,1,0,0,0,1,0,0,0,1,1,0,0,1,0,1,1,1,0,1,0,1,0,0,0,0,0
1A752,15,0,1,0,0,1,0,1,0,1,1,1,0,0,1,0,1,1,1,0,1,0,1,0,0,0,0,0
1A775,15,1,0,1,0,1,1,1,0,1,1,1,0,0,1,0,1,1,1,0,1,0,1,0,0,0,0,0
1A841,05,1,0,0,0,0,0,1,0,0,0,0,1,0,1,0,1,1,1,0,1,0,0,0,0,0,0,0
1A85E,15,0,1,1,1,1,0,1,0,0,0,0,1,0,1,0,1,1,1,0,1,0,1,0,0,0,0,0
1AA29,05,1,0,0,1,0,1,0,0,0,1,0,1,0,1,0,1,1,1,0,1,0,0,0,0,0,0,0
1AA2B,05,1,1,0,1,0,1,0,0,0,1,0,1,0,1,0,1,1,1,0,1,0,0,0,0,0,0,0
1AAAF,15,1,1,1,1,0,1,0,1,0,1,0,1,0,1,0,1,1,1,0,1,0,1,0,0,0,0,0
1AE0B,05,1,1,0,1,0,0,0,0,0,1,1,1,0,1,0,1,1,1,0,1,0,0,0,0,0,0,0
1AF05,15,1,0,1,0,0,0,0,0,1,1,1,1,0,1,0,1,1,1,0,1,0,1,0,0,0,0,0
1AF1E,15,0,1,1,1,1,0,0,0,1,1,1,1,0,1,0,1,1,1,0,1,0,1,0,0,0,0,0
1B03C,15,0,0,1,1,1,1,0,0,0,0,0,0,1,1,0,1,1,1,0,1,0,1,0,0,0,0,0
1B03F,15,1,1,1,1,1,1,0,0,0,0,0,0,1,1,0,1,1,1,0,1,0,1,0,0,0,0,0
1B417,15,1,1,1,0,1,0,0,0,0,0,1,0,1,1,0,1,1,1,0,1,0,1,0,0,0,0,0
1B451,15,1,0,0,0,1,0,1,0,0,0,1,0,1,1,0,1,1,1,0,1,0,1,0,0,0,0,0
1B487,15,1,1,1,0,0,0,0,1,0,0,1,0,1,1,0,1,1,1,0,1,0,1,0,0,0,0,0
1B4E7,15,1,1,1,0,0,1,1,1,0,0,1,0,1,1,0,1,1,1,0,1,0,1,0,0,0,0,0
1B4FE,15,0,1,1,1,1,1,1,1,0,0,1,0,1,1,0,1,1,1,0,1,0,1,0,0,0,0,0
1B78A,15,0,1,0,1,0,0,0,1,1,1,1,0,1,1,0,1,1,1,0,1,0,1,0,0,0,0,0
1B87E,15,0,1,1,1,1,1,1,0,0,0,0,1,1,1,0,1,1,1,0,1,0,1,0,0,0,0,0
1B99C,15,0,0,1,1,1,0,0,1,1,0,0,1,1,1,0,1,1,1,0,1,0,1,0,0,0,0,0
1BA03,15,1,1,0,0,0,0,0,0,0,1,0,1,1,1,0,1,1,1,0,1,0,1,0,0,0,0,0
1BB05,15,1,0,1,0,0,0,0,0,1,1,0,1,1,1,0,1,1,1,0,1,0,1,0,0,0,0,0
1BB27,15,1,1,1,0,0,1,0,0,1,1,0,1,1,1,0,1,1,1,0,1,0,1,0,0,0,0,0
1BB4F,15,1,1,1,1,0,0,1,0,1,1,0,1,1,1,0,1,1,1,0,1,0,1,0,0,0,0,0
1BB57,15,1,1,1,0,1,0,1,0,1,1,0,1,1,1,0,1,1,1,0,1,0,1,0,0,0,0,0
1BD8B,15,1,1,0,1,0,0,0,1,1,0,1,1,1,1,0,1,1,1,0,1,0,1,0,0,0,0,0
1BFA9,15,1,0,0,1,0,1,0,1,1,1,1,1,1,1,0,1,1,1,0,1,0,1,0,0,0,0,0
1C065,17,1,0,1,0,0,1,1,0,0,0,0,0,0,0,1,1,1,1,1,1,0,1,0,1,0,0,0
1C0A4,17,0,0,1,0,0,1,0,1,0,0,0,0,0,0,1,1,1,1,1,1,0,1,0,1,0,0,0
1C0D6,17,0,1,1,0,1,0,1,1,0,0,0,0,0,0,1,1,1,1,1,1,0,1,0,1,0,0,0
1C14D,17,1,0,1,1,0,0,1,0,1,0,0,0,0,0,1,1,1,1,1,1,0,1,0,1,0,0,0
1C17F,17,1,1,1,1,1,1,1,0,1,0,0,0,0,0,1,1,1,1,1,1,0,1,0,1,0,0,0
1C1F1,17,1,0,0,0,1,1,1,1,1,0,0,0,0,0,1,1,1,1,1,1,0,1,0,1,0,0,0
1C4EE,17,0,1,1,1,0,1,1,1,0,0,1,0,0,0,1,1,1,1,1,1,0,1,0,1,0,0,0
1C7BD,17,1,0,1,1,1,1,0,1,1,1,1,0,0,0,1,1,1,1,1,1,0,1,0,1,0,0,0
1C813,06,1,1,0,0,1,0,0,0,0,0,0,1,0,0,1,1,1,0,1,1,0,0,0,1,0,0,0
1C85D,17,1,0,1,1,1,0,1,0,0,0,0,1,0,0,1,1,1,1,1,1,0,1,0,1,0,0,0
1C91C,17,0,0,1,1,1,0,0,0,1,0,0,1,0,0,1,1,1,1,1,1,0,1,0,1,0,0,0
1C96A,06,0,1,0,1,0,1,1,0,1,0,0,1,0,0,1,1,1,0,1,1,0,0,0,1,0,0,0
1CAA6,17,0,1,1,0,0,1,0,1,0,1,0,1,0,0,1,1,1,1,1,1,0,1,0,1,0,0,0
1CC2C,17,0,0,1,1,0,1,0,0,0,0,1,1,0,0,1,1,1,1,1,1,0,1,0,1,0,0,0
1CC47,17,1,1,1,0,0,0,1,0,0,0,1,1,0,0,1,1,1,1,1,1,0,1,0,1,0,0,0
1CC57,17,1,1,1,0,1,0,1,0,0,0,1,1,0,0,1,1,1,1,1,1,0,1,0,1,0,0,0
1CCA4,17,0,0,1,0,0,1,0,1,0,0,1,1,0,0,1,1,1,1,1,1,0,1,0,1,0,0,0
1CDAA,06,0,1,0,1,0,1,0,1,1,0,1,1,0,0,1,1,1,0,1,1,0,0,0,1,0,0,0
1CDBA,06,0,1,0,1,1,1,0,1,1,0,1,1,0,0,1,1,1,0,1,1,0,0,0,1,0,0,0
1CFDE,17,0,1,1,1,1,0,1,1,1,1,1,1,0,0,1,1,1,1,1,1,0,1,0,1,0,0,0
1D030,17,0,0,0,0,1,1,0,0,0,0,0,0,1,0,1,1,1,1,1,1,0,1,0,1,0,0,0
1D19D,17,1,0,1,1,1,0,0,1,1,0,0,0,1,0,1,1,1,1,1,1,0,1,0,1,0,0,0
1D2CC,17,0,0,1,1,0,0,1,1,0,1,0,0,1,0,1,1,1,1,1,1,0,1,0,1,0,0,0
1D4C1,17,1,0,0,0,0,0,1,1,0,0,1,0,1,0,1,1,1,1,1,1,0,1,0,1,0,0,0
1D524,17,0,0,1,0,0,1,0,0,1,0,1,0,1,0,1,1,1,1,1,1,0,1,0,1,0,0,0
1D626,17,0,1,1,0,0,1,0,0,0,1,1,0,1,0,1,1,1,1,1,1,0,1,0,1,0,0,0
1D6A2,17,0,1,0,0,0,1,0,1,0,1,1,0,1,0,1,1,1,1,1,1,0,1,0,1,0,0,0
1D7E9,17,1,0,0,1,0,1,1,1,1,1,1,0,1,0,1,1,1,1,1,1,0,1,0,1,0,0,0
1D8A8,16,0,0,0,1,0,1,0,1,0,0,0,1,1,0,1,1,1,0,1,1,0,1,0,1,0,0,0
1DBEE,17,0,1,1,1,0,1,1,1,1,1,0,1,1,0,1,1,1,1,1,1,0,1,0,1,0,0,0
1E016,17,0,1,1,0,1,0,0,0,0,0,0,0,0,1,1,1,1,1,1,1,0,1,0,1,0,0,0
1E02C,17,0,0,1,1,0,1,0,0,0,0,0,0,0,1,1,1,1,1,1,1,0,1,0,1,0,0,0
1E095,17,1,0,1,0,1,0,0,1,0,0,0,0,0,1,1,1,1,1,1,1,0,1,0,1,0,0,0
1E394,17,0,0,1,0,1,0,0,1,1,1,0,0,0,1,1,1,1,1,1,1,0,1,0,1,0,0,0
1E524,17,0,0,1,0,0,1,0,0,1,0,1,0,0,1,1,1,1,1,1,1,0,1,0,1,0,0,0
1E875,17,1,0,1,0,1,1,1,0,0,0,0,1,0,1,1,1,1,1,1,1,0,1,0,1,0,0,0
1EA51,07,1,0,0,0,1,0,1,0,0,1,0,1,0,1,1,1,1,1,1,1,0,0,0,1,0,0,0
1EBC0,07,0,0,0,0,0,0,1,1,1,1,0,1,0,1,1,1,1,1,1,1,0,0,0,1,0,0,0
1ECA5,17,1,0,1,0,0,1,0,1,0,0,1,1,0,1,1,1,1,1,1,1,0,1,0,1,0,0,0
1F020,17,0,0,0,0,0,1,0,0,0,0,0,0,1,1,1,1,1,1,1,1,0,1,0,1,0,0,0
1F090,17,0,0,0,0,1,0,0,1,0,0,0,0,1,1,1,1,1,1,1,1,0,1,0,1,0,0,0
1F171,17,1,0,0,0,1,1,1,0,1,0,0,0,1,1,1,1,1,1,1,1,0,1,0,1,0,0,0
1F1A9,17,1,0,0,1,0,1,0,1,1,0,0,0,1,1,1,1,1,1,1,1,0,1,0,1,0,0,0
1F390,17,0,0,0,0,1,0,0,1,1,1,0,0,1,1,1,1,1,1,1,1,0,1,0,1,0,0,0
1F3AD,17,1,0,1,1,0,1,0,1,1,1,0,0,1,1,1,1,1,1,1,1,0,1,0,1,0,0,0
1F486,17,0,1,1,0,0,0,0,1,0,0,1,0,1,1,1,1,1,1,1,1,0,1,0,1,0,0,0
1F572,17,0,1,0,0,1,1,1,0,1,0,1,0,1,1,1,1,1,1,1,1,0,1,0,1,0,0,0
1F696,17,0,1,1,0,1,0,0,1,0,1,1,0,1,1,1,1,1,1,1,1,0,1,0,1,0,0,0
1F81D,17,1,0,1,1,1,0,0,0,0,0,0,1,1,1,1,1,1,1,1,1,0,1,0,1,0,0,0
1F82A,17,0,1,0,1,0,1,0,0,0,0,0,1,1,1,1,1,1,1,1,1,0,1,0,1,0,0,0
1F919,17,1,0,0,1,1,0,0,0,1,0,0,1,1,1,1,1,1,1,1,1,0,1,0,1,0,0,0
1FAE8,17,0,0,0,1,0,1,1,1,0,1,0,1,1,1,1,1,1,1,1,1,0,1,0,1,0,0,0
1FAF4,17,0,0,1,0,1,1,1,1,0,1,0,1,1,1,1,1,1,1,1,1,0,1,0,1,0,0,0
1FB53,17,1,1,0,0,1,0,1,0,1,1,0,1,1,1,1,1,1,1,1,1,0,1,0,1,0,0,0
1FBB6,17,0,1,1,0,1,1,0,1,1,1,0,1,1,1,1,1,1,1,1,1,0,1,0,1,0,0,0
1FC68,17,0,0,0,1,0,1,1,0,0,0,1,1,1,1,1,1,1,1,1,1,0,1,0,1,0,0,0
1FF58,17,0,0,0,1,1,0,1,0,1,1,1,1,1,1,1,1,1,1,1,1,0,1,0,1,0,0,0
1FFCB,17,1,1,0,1,0,0,1,1,1,1,1,1,1,1,1,1,1,1,1,1,0,1,0,1,0,0,0
