input_hex,output_hex,in_1,in_2,in_3,in_4,in_5,in_6,in_7,in_8,in_9,in_10,in_11,in_13,in_14,in_15,in_20,out_16,out_17,out_18,out_19,out_21,out_22,out_23,z_16,z_17,z_18,z_19,z_21,z_22,z_23
0037,5F,1,1,1,0,1,1,0,0,0,0,0,0,0,0,0,1,1,1,1,1,0,1,1,0,0,0,0,0,0
0067,5F,1,1,1,0,0,1,1,0,0,0,0,0,0,0,0,1,1,1,1,1,0,1,1,0,0,0,0,0,0
008A,5F,0,1,0,1,0,0,0,1,0,0,0,0,0,0,0,1,1,1,1,1,0,1,1,0,0,0,0,0,0
00E6,5F,0,1,1,0,0,1,1,1,0,0,0,0,0,0,0,1,1,1,1,1,0,1,1,0,0,0,0,0,0
00FD,5F,1,0,1,1,1,1,1,1,0,0,0,0,0,0,0,1,1,1,1,1,0,1,1,0,0,0,0,0,0
0106,5F,0,1,1,0,0,0,0,0,1,0,0,0,0,0,0,1,1,1,1,1,0,1,1,0,0,0,0,0,0
0176,5F,0,1,1,0,1,1,1,0,1,0,0,0,0,0,0,1,1,1,1,1,0,1,1,0,0,0,0,0,0
01EA,5F,0,1,0,1,0,1,1,1,1,0,0,0,0,0,0,1,1,1,1,1,0,1,1,0,0,0,0,0,0
022B,5F,1,1,0,1,0,1,0,0,0,1,0,0,0,0,0,1,1,1,1,1,0,1,1,0,0,0,0,0,0
025B,5F,1,1,0,1,1,0,1,0,0,1,0,0,0,0,0,1,1,1,1,1,0,1,1,0,0,0,0,0,0
0289,5F,1,0,0,1,0,0,0,1,0,1,0,0,0,0,0,1,1,1,1,1,0,1,1,0,0,0,0,0,0
02B0,5F,0,0,0,0,1,1,0,1,0,1,0,0,0,0,0,1,1,1,1,1,0,1,1,0,0,0,0,0,0
02C8,5F,0,0,0,1,0,0,1,1,0,1,0,0,0,0,0,1,1,1,1,1,0,1,1,0,0,0,0,0,0
0326,5F,0,1,1,0,0,1,0,0,1,1,0,0,0,0,0,1,1,1,1,1,0,1,1,0,0,0,0,0,0
032B,5F,1,1,0,1,0,1,0,0,1,1,0,0,0,0,0,1,1,1,1,1,0,1,1,0,0,0,0,0,0
0362,5F,0,1,0,0,0,1,1,0,1,1,0,0,0,0,0,1,1,1,1,1,0,1,1,0,0,1,1,0,0
03B9,5F,1,0,0,1,1,1,0,1,1,1,0,0,0,0,0,1,1,1,1,1,0,1,1,0,0,0,0,0,0
03BA,5F,0,1,0,1,1,1,0,1,1,1,0,0,0,0,0,1,1,1,1,1,0,1,1,0,0,0,0,0,0
0445,5F,1,0,1,0,0,0,1,0,0,0,1,0,0,0,0,1,1,1,1,1,0,1,1,0,0,0,0,0,0
0467,5F,1,1,1,0,0,1,1,0,0,0,1,0,0,0,0,1,1,1,1,1,0,1,1,0,0,0,0,0,0
0492,5F,0,1,0,0,1,0,0,1,0,0,1,0,0,0,0,1,1,1,1,1,0,1,1,0,0,0,0,0,0
04A1,5F,1,0,0,0,0,1,0,1,0,0,1,0,0,0,0,1,1,1,1,1,0,1,1,0,0,0,0,0,0
04D7,5F,1,1,1,0,1,0,1,1,0,0,1,0,0,0,0,1,1,1,1,1,0,1,1,0,0,0,0,0,0
0537,5F,1,1,1,0,1,1,0,0,1,0,1,0,0,0,0,1,1,1,1,1,0,1,1,0,0,0,0,0,0
0554,5F,0,0,1,0,1,0,1,0,1,0,1,0,0,0,0,1,1,1,1,1,0,1,1,0,0,0,0,0,0
0562,5F,0,1,0,0,0,1,1,0,1,0,1,0,0,0,0,1,1,1,1,1,0,1,1,0,0,1,1,0,0
0580,5F,0,0,0,0,0,0,0,1,1,0,1,0,0,0,0,1,1,1,1,1,0,1,1,0,0,1,1,0,0
0581,5F,1,0,0,0,0,0,0,1,1,0,1,0,0,0,0,1,1,1,1,1,0,1,1,0,0,1,1,0,0
05B6,5F,0,1,1,0,1,1,0,1,1,0,1,0,0,0,0,1,1,1,1,1,0,1,1,0,0,0,0,0,0
060C,5F,0,0,1,1,0,0,0,0,0,1,1,0,0,0,0,1,1,1,1,1,0,1,1,0,0,0,0,0,0
062E,5F,0,1,1,1,0,1,0,0,0,1,1,0,0,0,0,1,1,1,1,1,0,1,1,0,0,0,0,0,0
063F,5F,1,1,1,1,1,1,0,0,0,1,1,0,0,0,0,1,1,1,1,1,0,1,1,0,0,0,0,0,0
0683,5F,1,1,0,0,0,0,0,1,0,1,1,0,0,0,0,1,1,1,1,1,0,1,1,0,0,0,0,0,0
06FA,5F,0,1,0,1,1,1,1,1,0,1,1,0,0,0,0,1,1,1,1,1,0,1,1,0,0,0,0,0,0
0729,5F,1,0,0,1,0,1,0,0,1,1,1,0,0,0,0,1,1,1,1,1,0,1,1,0,0,0,0,0,0
0741,5F,1,0,0,0,0,0,1,0,1,1,1,0,0,0,0,1,1,1,1,1,0,1,1,0,0,0,0,0,0
076F,5F,1,1,1,1,0,1,1,0,1,1,1,0,0,0,0,1,1,1,1,1,0,1,1,0,0,0,0,0,0
0792,5F,0,1,0,0,1,0,0,1,1,1,1,0,0,0,0,1,1,1,1,1,0,1,1,0,0,0,0,0,0
07D4,5F,0,0,1,0,1,0,1,1,1,1,1,0,0,0,0,1,1,1,1,1,0,1,1,0,0,0,0,0,0
07DB,5F,1,1,0,1,1,0,1,1,1,1,1,0,0,0,0,1,1,1,1,1,0,1,1,0,0,0,0,0,0
07E3,5F,1,1,0,0,0,1,1,1,1,1,1,0,0,0,0,1,1,1,1,1,0,1,1,0,0,0,0,0,0
0821,5F,1,0,0,0,0,1,0,0,0,0,0,1,0,0,0,1,1,1,1,1,0,1,1,0,0,0,0,0,0
084F,5F,1,1,1,1,0,0,1,0,0,0,0,1,0,0,0,1,1,1,1,1,0,1,1,0,0,0,0,0,0
08D6,5F,0,1,1,0,1,0,1,1,0,0,0,1,0,0,0,1,1,1,1,1,0,1,1,0,0,0,0,0,0
090B,5F,1,1,0,1,0,0,0,0,1,0,0,1,0,0,0,1,1,1,1,1,0,1,1,0,0,0,0,0,0
0994,5F,0,0,1,0,1,0,0,1,1,0,0,1,0,0,0,1,1,1,1,1,0,1,1,0,0,0,0,0,0
09B4,5F,0,0,1,0,1,1,0,1,1,0,0,1,0,0,0,1,1,1,1,1,0,1,1,0,0,0,0,0,0
0A04,5F,0,0,1,0,0,0,0,0,0,1,0,1,0,0,0,1,1,1,1,1,0,1,1,0,0,0,0,0,0
0A24,5F,0,0,1,0,0,1,0,0,0,1,0,1,0,0,0,1,1,1,1,1,0,1,1,0,0,0,0,0,0
0A3E,5F,0,1,1,1,1,1,0,0,0,1,0,1,0,0,0,1,1,1,1,1,0,1,1,0,0,0,0,0,0
0A57,5F,1,1,1,0,1,0,1,0,0,1,0,1,0,0,0,1,1,1,1,1,0,1,1,0,0,0,0,0,0
0A6B,5F,1,1,0,1,0,1,1,0,0,1,0,1,0,0,0,1,1,1,1,1,0,1,1,0,0,0,0,0,0
0A82,5F,0,1,0,0,0,0,0,1,0,1,0,1,0,0,0,1,1,1,1,1,0,1,1,0,0,0,0,0,0
0B21,5F,1,0,0,0,0,1,0,0,1,1,0,1,0,0,0,1,1,1,1,1,0,1,1,0,0,0,0,0,0
0BB6,5F,0,1,1,0,1,1,0,1,1,1,0,1,0,0,0,1,1,1,1,1,0,1,1,0,0,0,0,0,0
0C25,5F,1,0,1,0,0,1,0,0,0,0,1,1,0,0,0,1,1,1,1,1,0,1,1,0,0,0,0,0,0
0C56,5F,0,1,1,0,1,0,1,0,0,0,1,1,0,0,0,1,1,1,1,1,0,1,1,0,0,0,0,0,0
0C6E,5F,0,1,1,1,0,1,1,0,0,0,1,1,0,0,0,1,1,1,1,1,0,1,1,0,0,0,0,0,0
0D58,5F,0,0,0,1,1,0,1,0,1,0,1,1,0,0,0,1,1,1,1,1,0,1,1,0,0,0,0,0,0
0E5E,5F,0,1,1,1,1,0,1,0,0,1,1,1,0,0,0,1,1,1,1,1,0,1,1,0,0,0,0,0,0
0F0C,5F,0,0,1,1,0,0,0,0,1,1,1,1,0,0,0,1,1,1,1,1,0,1,1,0,0,0,0,0,0
0FF4,5F,0,0,1,0,1,1,1,1,1,1,1,1,0,0,0,1,1,1,1,1,0,1,1,0,0,0,0,0,0
101E,5F,0,1,1,1,1,0,0,0,0,0,0,0,1,0,0,1,1,1,1,1,0,1,1,1,1,0,0,0,0
1027,5F,1,1,1,0,0,1,0,0,0,0,0,0,1,0,0,1,1,1,1,1,0,1,1,1,1,0,0,0,0
106E,5F,0,1,1,1,0,1,1,0,0,0,0,0,1,0,0,1,1,1,1,1,0,1,1,1,1,0,0,0,0
107D,5F,1,0,1,1,1,1,1,0,0,0,0,0,1,0,0,1,1,1,1,1,0,1,1,1,1,0,0,0,0
10B8,5F,0,0,0,1,1,1,0,1,0,0,0,0,1,0,0,1,1,1,1,1,0,1,1,1,1,0,0,0,0
1157,5F,1,1,1,0,1,0,1,0,1,0,0,0,1,0,0,1,1,1,1,1,0,1,1,1,1,0,0,0,0
11CB,5F,1,1,0,1,0,0,1,1,1,0,0,0,1,0,0,1,1,1,1,1,0,1,1,1,1,0,0,0,0
1209,5F,1,0,0,1,0,0,0,0,0,1,0,0,1,0,0,1,1,1,1,1,0,1,1,1,1,0,0,0,0
121B,5F,1,1,0,1,1,0,0,0,0,1,0,0,1,0,0,1,1,1,1,1,0,1,1,1,1,0,0,0,0
1227,5F,1,1,1,0,0,1,0,0,0,1,0,0,1,0,0,1,1,1,1,1,0,1,1,1,1,0,0,0,0
1251,5F,1,0,0,0,1,0,1,0,0,1,0,0,1,0,0,1,1,1,1,1,0,1,1,1,1,0,0,0,0
1284,5F,0,0,1,0,0,0,0,1,0,1,0,0,1,0,0,1,1,1,1,1,0,1,1,1,1,0,0,0,0
12BC,5F,0,0,1,1,1,1,0,1,0,1,0,0,1,0,0,1,1,1,1,1,0,1,1,1,1,0,0,0,0
133B,5F,1,1,0,1,1,1,0,0,1,1,0,0,1,0,0,1,1,1,1,1,0,1,1,1,1,0,0,0,0
133F,5F,1,1,1,1,1,1,0,0,1,1,0,0,1,0,0,1,1,1,1,1,0,1,1,1,1,0,0,0,0
1391,5F,1,0,0,0,1,0,0,1,1,1,0,0,1,0,0,1,1,1,1,1,0,1,1,1,1,0,0,0,0
139F,5F,1,1,1,1,1,0,0,1,1,1,0,0,1,0,0,1,1,1,1,1,0,1,1,1,1,0,0,0,0
13BD,5F,1,0,1,1,1,1,0,1,1,1,0,0,1,0,0,1,1,1,1,1,0,1,1,1,1,0,0,0,0
14D4,5F,0,0,1,0,1,0,1,1,0,0,1,0,1,0,0,1,1,1,1,1,0,1,1,1,1,0,0,0,0
14ED,5F,1,0,1,1,0,1,1,1,0,0,1,0,1,0,0,1,1,1,1,1,0,1,1,1,1,0,0,0,0
14FE,5F,0,1,1,1,1,1,1,1,0,0,1,0,1,0,0,1,1,1,1,1,0,1,1,1,1,0,0,0,0
154E,5F,0,1,1,1,0,0,1,0,1,0,1,0,1,0,0,1,1,1,1,1,0,1,1,1,1,0,0,0,0
156E,5F,0,1,1,1,0,1,1,0,1,0,1,0,1,0,0,1,1,1,1,1,0,1,1,1,1,0,0,0,0
15AD,5F,1,0,1,1,0,1,0,1,1,0,1,0,1,0,0,1,1,1,1,1,0,1,1,1,1,0,0,0,0
15C0,5F,0,0,0,0,0,0,1,1,1,0,1,0,1,0,0,1,1,1,1,1,0,1,1,1,1,0,0,0,0
1622,5F,0,1,0,0,0,1,0,0,0,1,1,0,1,0,0,1,1,1,1,1,0,1,1,1,1,0,0,0,0
16D8,5F,0,0,0,1,1,0,1,1,0,1,1,0,1,0,0,1,1,1,1,1,0,1,1,1,1,0,0,0,0
16E3,5F,1,1,0,0,0,1,1,1,0,1,1,0,1,0,0,1,1,1,1,1,0,1,1,1,1,0,0,0,0
1724,5F,0,0,1,0,0,1,0,0,1,1,1,0,1,0,0,1,1,1,1,1,0,1,1,1,1,0,0,0,0
172A,5F,0,1,0,1,0,1,0,0,1,1,1,0,1,0,0,1,1,1,1,1,0,1,1,1,1,0,0,0,0
1773,5F,1,1,0,0,1,1,1,0,1,1,1,0,1,0,0,1,1,1,1,1,0,1,1,1,1,0,0,0,0
1778,5F,0,0,0,1,1,1,1,0,1,1,1,0,1,0,0,1,1,1,1,1,0,1,1,1,1,0,0,0,0
1790,5F,0,0,0,0,1,0,0,1,1,1,1,0,1,0,0,1,1,1,1,1,0,1,1,1,1,0,0,0,0
1807,5F,1,1,1,0,0,0,0,0,0,0,0,1,1,0,0,1,1,1,1,1,0,1,1,1,1,0,0,0,0
18AE,5F,0,1,1,1,0,1,0,1,0,0,0,1,1,0,0,1,1,1,1,1,0,1,1,1,1,0,0,0,0
1959,5F,1,0,0,1,1,0,1,0,1,0,0,1,1,0,0,1,1,1,1,1,0,1,1,1,1,0,0,0,0
1999,5F,1,0,0,1,1,0,0,1,1,0,0,1,1,0,0,1,1,1,1,1,0,1,1,1,1,0,0,0,0
19A2,5F,0,1,0,0,0,1,0,1,1,0,0,1,1,0,0,1,1,1,1,1,0,1,1,1,1,0,0,0,0
19D6,5F,0,1,1,0,1,0,1,1,1,0,0,1,1,0,0,1,1,1,1,1,0,1,1,1,1,0,0,0,0
19D7,5F,1,1,1,0,1,0,1,1,1,0,0,1,1,0,0,1,1,1,1,1,0,1,1,1,1,0,0,0,0
19DE,5F,0,1,1,1,1,0,1,1,1,0,0,1,1,0,0,1,1,1,1,1,0,1,1,1,1,0,0,0,0
1A2B,5F,1,1,0,1,0,1,0,0,0,1,0,1,1,0,0,1,1,1,1,1,0,1,1,1,1,0,0,0,0
1A53,5F,1,1,0,0,1,0,1,0,0,1,0,1,1,0,0,1,1,1,1,1,0,1,1,1,1,0,0,0,0
1AB1,5F,1,0,0,0,1,1,0,1,0,1,0,1,1,0,0,1,1,1,1,1,0,1,1,1,1,0,0,0,0
1ABB,5F,1,1,0,1,1,1,0,1,0,1,0,1,1,0,0,1,1,1,1,1,0,1,1,1,1,0,0,0,0
1B5C,5F,0,0,1,1,1,0,1,0,1,1,0,1,1,0,0,1,1,1,1,1,0,1,1,1,1,0,0,0,0
1B94,5F,0,0,1,0,1,0,0,1,1,1,0,1,1,0,0,1,1,1,1,1,0,1,1,1,1,0,0,0,0
1BA1,5F,1,0,0,0,0,1,0,1,1,1,0,1,1,0,0,1,1,1,1,1,0,1,1,1,1,0,0,0,0
1BAF,5F,1,1,1,1,0,1,0,1,1,1,0,1,1,0,0,1,1,1,1,1,0,1,1,1,1,0,0,0,0
1BD7,5F,1,1,1,0,1,0,1,1,1,1,0,1,1,0,0,1,1,1,1,1,0,1,1,1,1,0,0,0,0
1C07,5F,1,1,1,0,0,0,0,0,0,0,1,1,1,0,0,1,1,1,1,1,0,1,1,1,1,0,0,0,0
1C82,5F,0,1,0,0,0,0,0,1,0,0,1,1,1,0,0,1,1,1,1,1,0,1,1,1,1,0,0,0,0
1CF3,5F,1,1,0,0,1,1,1,1,0,0,1,1,1,0,0,1,1,1,1,1,0,1,1,1,1,0,0,0,0
1D29,5F,1,0,0,1,0,1,0,0,1,0,1,1,1,0,0,1,1,1,1,1,0,1,1,1,1,0,0,0,0
1D3B,5F,1,1,0,1,1,1,0,0,1,0,1,1,1,0,0,1,1,1,1,1,0,1,1,1,1,0,0,0,0
1D43,5F,1,1,0,0,0,0,1,0,1,0,1,1,1,0,0,1,1,1,1,1,0,1,1,1,1,0,0,0,0
1D5C,5F,0,0,1,1,1,0,1,0,1,0,1,1,1,0,0,1,1,1,1,1,0,1,1,1,1,0,0,0,0
1D77,5F,1,1,1,0,1,1,1,0,1,0,1,1,1,0,0,1,1,1,1,1,0,1,1,1,1,0,0,0,0
1D95,5F,1,0,1,0,1,0,0,1,1,0,1,1,1,0,0,1,1,1,1,1,0,1,1,1,1,0,0,0,0
1E2F,5F,1,1,1,1,0,1,0,0,0,1,1,1,1,0,0,1,1,1,1,1,0,1,1,1,1,0,0,0,0
1E39,5F,1,0,0,1,1,1,0,0,0,1,1,1,1,0,0,1,1,1,1,1,0,1,1,1,1,0,0,0,0
1E3B,5F,1,1,0,1,1,1,0,0,0,1,1,1,1,0,0,1,1,1,1,1,0,1,1,1,1,0,0,0,0
1E83,5F,1,1,0,0,0,0,0,1,0,1,1,1,1,0,0,1,1,1,1,1,0,1,1,1,1,0,0,0,0
1EF2,5F,0,1,0,0,1,1,1,1,0,1,1,1,1,0,0,1,1,1,1,1,0,1,1,1,1,0,0,0,0
1F2E,5F,0,1,1,1,0,1,0,0,1,1,1,1,1,0,0,1,1,1,1,1,0,1,1,1,1,0,0,0,0
1F8C,5F,0,0,1,1,0,0,0,1,1,1,1,1,1,0,0,1,1,1,1,1,0,1,1,1,1,0,0,0,0
1FB7,5F,1,1,1,0,1,1,0,1,1,1,1,1,1,0,0,1,1,1,1,1,0,1,1,1,1,0,0,0,0
2001,1F,1,0,0,0,0,0,0,0,0,0,0,0,0,1,0,1,1,1,1,1,0,0,1,1,1,0,0,0,0
2008,1F,0,0,0,1,0,0,0,0,0,0,0,0,0,1,0,1,1,1,1,1,0,0,1,1,1,0,0,0,0
202C,1F,0,0,1,1,0,1,0,0,0,0,0,0,0,1,0,1,1,1,1,1,0,0,1,1,1,0,0,0,0
2055,1F,1,0,1,0,1,0,1,0,0,0,0,0,0,1,0,1,1,1,1,1,0,0,1,1,1,0,0,0,0
2057,1F,1,1,1,0,1,0,1,0,0,0,0,0,0,1,0,1,1,1,1,1,0,0,1,1,1,0,0,0,0
2116,1F,0,1,1,0,1,0,0,0,1,0,0,0,0,1,0,1,1,1,1,1,0,0,1,1,1,0,0,0,0
2161,1F,1,0,0,0,0,1,1,0,1,0,0,0,0,1,0,1,1,1,1,1,0,0,1,1,1,0,0,0,0
220D,1F,1,0,1,1,0,0,0,0,0,1,0,0,0,1,0,1,1,1,1,1,0,0,1,1,1,0,0,0,0
2265,1F,1,0,1,0,0,1,1,0,0,1,0,0,0,1,0,1,1,1,1,1,0,0,1,1,1,0,0,0,0
2298,1F,0,0,0,1,1,0,0,1,0,1,0,0,0,1,0,1,1,1,1,1,0,0,1,1,1,0,0,0,0
22A6,1F,0,1,1,0,0,1,0,1,0,1,0,0,0,1,0,1,1,1,1,1,0,0,1,1,1,0,0,0,0
22F7,1F,1,1,1,0,1,1,1,1,0,1,0,0,0,1,0,1,1,1,1,1,0,0,1,1,1,0,0,0,0
2366,1F,0,1,1,0,0,1,1,0,1,1,0,0,0,1,0,1,1,1,1,1,0,0,1,1,1,0,0,0,0
2374,1F,0,0,1,0,1,1,1,0,1,1,0,0,0,1,0,1,1,1,1,1,0,0,1,1,1,0,0,0,0
239D,1F,1,0,1,1,1,0,0,1,1,1,0,0,0,1,0,1,1,1,1,1,0,0,1,1,1,0,0,0,0
243B,1F,1,1,0,1,1,1,0,0,0,0,1,0,0,1,0,1,1,1,1,1,0,0,1,1,1,0,0,0,0
2445,1F,1,0,1,0,0,0,1,0,0,0,1,0,0,1,0,1,1,1,1,1,0,0,1,1,1,0,0,0,0
257E,1F,0,1,1,1,1,1,1,0,1,0,1,0,0,1,0,1,1,1,1,1,0,0,1,1,1,0,0,0,0
25B7,1F,1,1,1,0,1,1,0,1,1,0,1,0,0,1,0,1,1,1,1,1,0,0,1,1,1,0,0,0,0
25FE,1F,0,1,1,1,1,1,1,1,1,0,1,0,0,1,0,1,1,1,1,1,0,0,1,1,1,0,0,0,0
2649,1F,1,0,0,1,0,0,1,0,0,1,1,0,0,1,0,1,1,1,1,1,0,0,1,1,1,0,0,0,0
2778,1F,0,0,0,1,1,1,1,0,1,1,1,0,0,1,0,1,1,1,1,1,0,0,1,1,1,0,0,0,0
27E1,1F,1,0,0,0,0,1,1,1,1,1,1,0,0,1,0,1,1,1,1,1,0,0,1,1,1,0,0,0,0
282E,1F,0,1,1,1,0,1,0,0,0,0,0,1,0,1,0,1,1,1,1,1,0,0,1,1,1,0,0,0,0
286B,1F,1,1,0,1,0,1,1,0,0,0,0,1,0,1,0,1,1,1,1,1,0,0,1,1,1,0,0,0,0
2880,1F,0,0,0,0,0,0,0,1,0,0,0,1,0,1,0,1,1,1,1,1,0,0,1,1,1,0,0,0,0
28B0,1F,0,0,0,0,1,1,0,1,0,0,0,1,0,1,0,1,1,1,1,1,0,0,1,1,1,0,0,0,0
28D2,1F,0,1,0,0,1,0,1,1,0,0,0,1,0,1,0,1,1,1,1,1,0,0,1,1,1,0,0,0,0
28DD,1F,1,0,1,1,1,0,1,1,0,0,0,1,0,1,0,1,1,1,1,1,0,0,1,1,1,0,0,0,0
2904,1F,0,0,1,0,0,0,0,0,1,0,0,1,0,1,0,1,1,1,1,1,0,0,1,1,1,0,0,0,0
297A,1F,0,1,0,1,1,1,1,0,1,0,0,1,0,1,0,1,1,1,1,1,0,0,1,1,1,0,0,0,0
29E8,1F,0,0,0,1,0,1,1,1,1,0,0,1,0,1,0,1,1,1,1,1,0,0,1,1,1,0,0,0,0
2A2D,1F,1,0,1,1,0,1,0,0,0,1,0,1,0,1,0,1,1,1,1,1,0,0,1,1,1,0,0,0,0
2A30,1F,0,0,0,0,1,1,0,0,0,1,0,1,0,1,0,1,1,1,1,1,0,0,1,1,1,0,0,0,0
2A49,1F,1,0,0,1,0,0,1,0,0,1,0,1,0,1,0,1,1,1,1,1,0,0,1,1,1,0,0,0,0
2AA3,1F,1,1,0,0,0,1,0,1,0,1,0,1,0,1,0,1,1,1,1,1,0,0,1,1,1,0,0,0,0
2AD9,1F,1,0,0,1,1,0,1,1,0,1,0,1,0,1,0,1,1,1,1,1,0,0,1,1,1,0,0,0,0
2ADF,1F,1,1,1,1,1,0,1,1,0,1,0,1,0,1,0,1,1,1,1,1,0,0,1,1,1,0,0,0,0
2B00,1F,0,0,0,0,0,0,0,0,1,1,0,1,0,1,0,1,1,1,1,1,0,0,1,1,1,0,0,0,0
2B0B,1F,1,1,0,1,0,0,0,0,1,1,0,1,0,1,0,1,1,1,1,1,0,0,1,1,1,0,0,0,0
2B28,1F,0,0,0,1,0,1,0,0,1,1,0,1,0,1,0,1,1,1,1,1,0,0,1,1,1,0,0,0,0
2B71,1F,1,0,0,0,1,1,1,0,1,1,0,1,0,1,0,1,1,1,1,1,0,0,1,1,1,0,0,0,0
2B99,1F,1,0,0,1,1,0,0,1,1,1,0,1,0,1,0,1,1,1,1,1,0,0,1,1,1,0,0,0,0
2B9C,1F,0,0,1,1,1,0,0,1,1,1,0,1,0,1,0,1,1,1,1,1,0,0,1,1,1,0,0,0,0
2BE8,1F,0,0,0,1,0,1,1,1,1,1,0,1,0,1,0,1,1,1,1,1,0,0,1,1,1,0,0,0,0
2C13,1F,1,1,0,0,1,0,0,0,0,0,1,1,0,1,0,1,1,1,1,1,0,0,1,1,1,0,0,0,0
2C40,1F,0,0,0,0,0,0,1,0,0,0,1,1,0,1,0,1,1,1,1,1,0,0,1,1,1,0,0,0,0
2C4A,1F,0,1,0,1,0,0,1,0,0,0,1,1,0,1,0,1,1,1,1,1,0,0,1,1,1,0,0,0,0
2C59,1F,1,0,0,1,1,0,1,0,0,0,1,1,0,1,0,1,1,1,1,1,0,0,1,1,1,0,0,0,0
2D20,1F,0,0,0,0,0,1,0,0,1,0,1,1,0,1,0,1,1,1,1,1,0,0,1,1,1,0,0,0,0
2D5D,1F,1,0,1,1,1,0,1,0,1,0,1,1,0,1,0,1,1,1,1,1,0,0,1,1,1,0,0,0,0
2D75,1F,1,0,1,0,1,1,1,0,1,0,1,1,0,1,0,1,1,1,1,1,0,0,1,1,1,0,0,0,0
2D9B,1F,1,1,0,1,1,0,0,1,1,0,1,1,0,1,0,1,1,1,1,1,0,0,1,1,1,0,0,0,0
2DF8,1F,0,0,0,1,1,1,1,1,1,0,1,1,0,1,0,1,1,1,1,1,0,0,1,1,1,0,0,0,0
2E47,1F,1,1,1,0,0,0,1,0,0,1,1,1,0,1,0,1,1,1,1,1,0,0,1,1,1,0,0,0,0
2EE7,1F,1,1,1,0,0,1,1,1,0,1,1,1,0,1,0,1,1,1,1,1,0,0,1,1,1,0,0,0,0
2F42,1F,0,1,0,0,0,0,1,0,1,1,1,1,0,1,0,1,1,1,1,1,0,0,1,1,1,0,0,0,0
2F97,1F,1,1,1,0,1,0,0,1,1,1,1,1,0,1,0,1,1,1,1,1,0,0,1,1,1,0,0,0,0
2FD2,1F,0,1,0,0,1,0,1,1,1,1,1,1,0,1,0,1,1,1,1,1,0,0,1,1,1,0,0,0,0
301B,5F,1,1,0,1,1,0,0,0,0,0,0,0,1,1,0,1,1,1,1,1,0,1,1,1,1,0,0,0,0
3023,5F,1,1,0,0,0,1,0,0,0,0,0,0,1,1,0,1,1,1,1,1,0,1,1,1,1,0,0,0,0
3099,5F,1,0,0,1,1,0,0,1,0,0,0,0,1,1,0,1,1,1,1,1,0,1,1,1,1,0,0,0,0
31B1,5F,1,0,0,0,1,1,0,1,1,0,0,0,1,1,0,1,1,1,1,1,0,1,1,1,1,0,0,0,0
3286,5F,0,1,1,0,0,0,0,1,0,1,0,0,1,1,0,1,1,1,1,1,0,1,1,1,1,0,0,0,0
32E9,5F,1,0,0,1,0,1,1,1,0,1,0,0,1,1,0,1,1,1,1,1,0,1,1,1,1,0,0,0,0
32FF,5F,1,1,1,1,1,1,1,1,0,1,0,0,1,1,0,1,1,1,1,1,0,1,1,1,1,0,0,0,0
3313,5F,1,1,0,0,1,0,0,0,1,1,0,0,1,1,0,1,1,1,1,1,0,1,1,1,1,0,0,0,0
3328,5F,0,0,0,1,0,1,0,0,1,1,0,0,1,1,0,1,1,1,1,1,0,1,1,1,1,0,0,0,0
334D,5F,1,0,1,1,0,0,1,0,1,1,0,0,1,1,0,1,1,1,1,1,0,1,1,1,1,0,0,0,0
3350,5F,0,0,0,0,1,0,1,0,1,1,0,0,1,1,0,1,1,1,1,1,0,1,1,1,1,0,0,0,0
336B,5F,1,1,0,1,0,1,1,0,1,1,0,0,1,1,0,1,1,1,1,1,0,1,1,1,1,0,0,0,0
342F,5F,1,1,1,1,0,1,0,0,0,0,1,0,1,1,0,1,1,1,1,1,0,1,1,1,1,0,0,0,0
3433,5F,1,1,0,0,1,1,0,0,0,0,1,0,1,1,0,1,1,1,1,1,0,1,1,1,1,0,0,0,0
346F,5F,1,1,1,1,0,1,1,0,0,0,1,0,1,1,0,1,1,1,1,1,0,1,1,1,1,0,0,0,0
3497,5F,1,1,1,0,1,0,0,1,0,0,1,0,1,1,0,1,1,1,1,1,0,1,1,1,1,0,0,0,0
349A,5F,0,1,0,1,1,0,0,1,0,0,1,0,1,1,0,1,1,1,1,1,0,1,1,1,1,0,0,0,0
34AC,5F,0,0,1,1,0,1,0,1,0,0,1,0,1,1,0,1,1,1,1,1,0,1,1,1,1,0,0,0,0
34E4,5F,0,0,1,0,0,1,1,1,0,0,1,0,1,1,0,1,1,1,1,1,0,1,1,1,1,0,0,0,0
34EC,5F,0,0,1,1,0,1,1,1,0,0,1,0,1,1,0,1,1,1,1,1,0,1,1,1,1,0,0,0,0
3526,5F,0,1,1,0,0,1,0,0,1,0,1,0,1,1,0,1,1,1,1,1,0,1,1,1,1,0,0,0,0
3534,5F,0,0,1,0,1,1,0,0,1,0,1,0,1,1,0,1,1,1,1,1,0,1,1,1,1,0,0,0,0
357D,5F,1,0,1,1,1,1,1,0,1,0,1,0,1,1,0,1,1,1,1,1,0,1,1,1,1,0,0,0,0
3586,5F,0,1,1,0,0,0,0,1,1,0,1,0,1,1,0,1,1,1,1,1,0,1,1,1,1,0,0,0,0
35BF,5F,1,1,1,1,1,1,0,1,1,0,1,0,1,1,0,1,1,1,1,1,0,1,1,1,1,0,0,0,0
3646,5F,0,1,1,0,0,0,1,0,0,1,1,0,1,1,0,1,1,1,1,1,0,1,1,1,1,0,0,0,0
364E,5F,0,1,1,1,0,0,1,0,0,1,1,0,1,1,0,1,1,1,1,1,0,1,1,1,1,0,0,0,0
3685,5F,1,0,1,0,0,0,0,1,0,1,1,0,1,1,0,1,1,1,1,1,0,1,1,1,1,0,0,0,0
3689,5F,1,0,0,1,0,0,0,1,0,1,1,0,1,1,0,1,1,1,1,1,0,1,1,1,1,0,0,0,0
3716,5F,0,1,1,0,1,0,0,0,1,1,1,0,1,1,0,1,1,1,1,1,0,1,1,1,1,0,0,0,0
3773,5F,1,1,0,0,1,1,1,0,1,1,1,0,1,1,0,1,1,1,1,1,0,1,1,1,1,0,0,0,0
37B4,5F,0,0,1,0,1,1,0,1,1,1,1,0,1,1,0,1,1,1,1,1,0,1,1,1,1,0,0,0,0
37B5,5F,1,0,1,0,1,1,0,1,1,1,1,0,1,1,0,1,1,1,1,1,0,1,1,1,1,0,0,0,0
3802,5F,0,1,0,0,0,0,0,0,0,0,0,1,1,1,0,1,1,1,1,1,0,1,1,1,1,0,0,0,0
382F,5F,1,1,1,1,0,1,0,0,0,0,0,1,1,1,0,1,1,1,1,1,0,1,1,1,1,0,0,0,0
385C,5F,0,0,1,1,1,0,1,0,0,0,0,1,1,1,0,1,1,1,1,1,0,1,1,1,1,0,0,0,0
3879,5F,1,0,0,1,1,1,1,0,0,0,0,1,1,1,0,1,1,1,1,1,0,1,1,1,1,0,0,0,0
38C0,5F,0,0,0,0,0,0,1,1,0,0,0,1,1,1,0,1,1,1,1,1,0,1,1,1,1,0,0,0,0
3923,5F,1,1,0,0,0,1,0,0,1,0,0,1,1,1,0,1,1,1,1,1,0,1,1,1,1,0,0,0,0
3945,5F,1,0,1,0,0,0,1,0,1,0,0,1,1,1,0,1,1,1,1,1,0,1,1,1,1,0,0,0,0
399D,5F,1,0,1,1,1,0,0,1,1,0,0,1,1,1,0,1,1,1,1,1,0,1,1,1,1,0,0,0,0
39B2,5F,0,1,0,0,1,1,0,1,1,0,0,1,1,1,0,1,1,1,1,1,0,1,1,1,1,0,0,0,0
39C9,5F,1,0,0,1,0,0,1,1,1,0,0,1,1,1,0,1,1,1,1,1,0,1,1,1,1,0,0,0,0
3A18,5F,0,0,0,1,1,0,0,0,0,1,0,1,1,1,0,1,1,1,1,1,0,1,1,1,1,0,0,0,0
3A38,5F,0,0,0,1,1,1,0,0,0,1,0,1,1,1,0,1,1,1,1,1,0,1,1,1,1,0,0,0,0
3A90,5F,0,0,0,0,1,0,0,1,0,1,0,1,1,1,0,1,1,1,1,1,0,1,1,1,1,0,0,0,0
3AC7,5F,1,1,1,0,0,0,1,1,0,1,0,1,1,1,0,1,1,1,1,1,0,1,1,1,1,0,0,0,0
3B1A,5F,0,1,0,1,1,0,0,0,1,1,0,1,1,1,0,1,1,1,1,1,0,1,1,1,1,0,0,0,0
3B6F,5F,1,1,1,1,0,1,1,0,1,1,0,1,1,1,0,1,1,1,1,1,0,1,1,1,1,0,0,0,0
3BAB,5F,1,1,0,1,0,1,0,1,1,1,0,1,1,1,0,1,1,1,1,1,0,1,1,1,1,0,0,0,0
3BC8,5F,0,0,0,1,0,0,1,1,1,1,0,1,1,1,0,1,1,1,1,1,0,1,1,1,1,0,0,0,0
3C11,5F,1,0,0,0,1,0,0,0,0,0,1,1,1,1,0,1,1,1,1,1,0,1,1,1,1,0,0,0,0
3C35,5F,1,0,1,0,1,1,0,0,0,0,1,1,1,1,0,1,1,1,1,1,0,1,1,1,1,0,0,0,0
3D06,5F,0,1,1,0,0,0,0,0,1,0,1,1,1,1,0,1,1,1,1,1,0,1,1,1,1,0,0,0,0
3D58,5F,0,0,0,1,1,0,1,0,1,0,1,1,1,1,0,1,1,1,1,1,0,1,1,1,1,0,0,0,0
3DB1,5F,1,0,0,0,1,1,0,1,1,0,1,1,1,1,0,1,1,1,1,1,0,1,1,1,1,0,0,0,0
3DCD,5F,1,0,1,1,0,0,1,1,1,0,1,1,1,1,0,1,1,1,1,1,0,1,1,1,1,0,0,0,0
3E03,5F,1,1,0,0,0,0,0,0,0,1,1,1,1,1,0,1,1,1,1,1,0,1,1,1,1,0,0,0,0
3E24,5F,0,0,1,0,0,1,0,0,0,1,1,1,1,1,0,1,1,1,1,1,0,1,1,1,1,0,0,0,0
3E67,5F,1,1,1,0,0,1,1,0,0,1,1,1,1,1,0,1,1,1,1,1,0,1,1,1,1,0,0,0,0
3EBE,5F,0,1,1,1,1,1,0,1,0,1,1,1,1,1,0,1,1,1,1,1,0,1,1,1,1,0,0,0,0
3EEF,5F,1,1,1,1,0,1,1,1,0,1,1,1,1,1,0,1,1,1,1,1,0,1,1,1,1,0,0,0,0
3F12,5F,0,1,0,0,1,0,0,0,1,1,1,1,1,1,0,1,1,1,1,1,0,1,1,1,1,0,0,0,0
3F4E,5F,0,1,1,1,0,0,1,0,1,1,1,1,1,1,0,1,1,1,1,1,0,1,1,1,1,0,0,0,0
3F64,5F,0,0,1,0,0,1,1,0,1,1,1,1,1,1,0,1,1,1,1,1,0,1,1,1,1,0,0,0,0
3F8B,5F,1,1,0,1,0,0,0,1,1,1,1,1,1,1,0,1,1,1,1,1,0,1,1,1,1,0,0,0,0
3FE3,5F,1,1,0,0,0,1,1,1,1,1,1,1,1,1,0,1,1,1,1,1,0,1,1,1,1,0,0,0,0
4004,5F,0,0,1,0,0,0,0,0,0,0,0,0,0,0,1,1,1,1,1,1,0,1,1,1,1,0,0,0,0
400E,5F,0,1,1,1,0,0,0,0,0,0,0,0,0,0,1,1,1,1,1,1,0,1,1,1,1,0,0,0,0
4027,5F,1,1,1,0,0,1,0,0,0,0,0,0,0,0,1,1,1,1,1,1,0,1,1,1,1,0,0,0,0
4039,5F,1,0,0,1,1,1,0,0,0,0,0,0,0,0,1,1,1,1,1,1,0,1,1,1,1,0,0,0,0
409A,5F,0,1,0,1,1,0,0,1,0,0,0,0,0,0,1,1,1,1,1,1,0,1,1,1,1,0,0,0,0
40A9,5F,1,0,0,1,0,1,0,1,0,0,0,0,0,0,1,1,1,1,1,1,0,1,1,1,1,0,0,0,0
40DF,5F,1,1,1,1,1,0,1,1,0,0,0,0,0,0,1,1,1,1,1,1,0,1,1,1,1,0,0,0,0
40E2,5F,0,1,0,0,0,1,1,1,0,0,0,0,0,0,1,1,1,1,1,1,0,1,1,1,1,0,0,0,0
414C,5F,0,0,1,1,0,0,1,0,1,0,0,0,0,0,1,1,1,1,1,1,0,1,1,1,1,0,0,0,0
4153,5F,1,1,0,0,1,0,1,0,1,0,0,0,0,0,1,1,1,1,1,1,0,1,1,1,1,0,0,0,0
4155,5F,1,0,1,0,1,0,1,0,1,0,0,0,0,0,1,1,1,1,1,1,0,1,1,1,1,0,0,0,0
415A,5F,0,1,0,1,1,0,1,0,1,0,0,0,0,0,1,1,1,1,1,1,0,1,1,1,1,0,0,0,0
420A,5F,0,1,0,1,0,0,0,0,0,1,0,0,0,0,1,1,1,1,1,1,0,1,1,1,1,0,0,0,0
4227,5F,1,1,1,0,0,1,0,0,0,1,0,0,0,0,1,1,1,1,1,1,0,1,1,1,1,0,0,0,0
4253,5F,1,1,0,0,1,0,1,0,0,1,0,0,0,0,1,1,1,1,1,1,0,1,1,1,1,0,0,0,0
4255,5F,1,0,1,0,1,0,1,0,0,1,0,0,0,0,1,1,1,1,1,1,0,1,1,1,1,0,0,0,0
42A9,5F,1,0,0,1,0,1,0,1,0,1,0,0,0,0,1,1,1,1,1,1,0,1,1,1,1,0,0,0,0
442E,5F,0,1,1,1,0,1,0,0,0,0,1,0,0,0,1,1,1,1,1,1,0,1,1,1,1,0,0,0,0
443B,5F,1,1,0,1,1,1,0,0,0,0,1,0,0,0,1,1,1,1,1,1,0,1,1,1,1,0,0,0,0
4448,5F,0,0,0,1,0,0,1,0,0,0,1,0,0,0,1,1,1,1,1,1,0,1,1,1,1,0,0,0,0
447C,5F,0,0,1,1,1,1,1,0,0,0,1,0,0,0,1,1,1,1,1,1,0,1,1,1,1,0,0,0,0
449C,5F,0,0,1,1,1,0,0,1,0,0,1,0,0,0,1,1,1,1,1,1,0,1,1,1,1,0,0,0,0
449F,5F,1,1,1,1,1,0,0,1,0,0,1,0,0,0,1,1,1,1,1,1,0,1,1,1,1,0,0,0,0
44C5,5F,1,0,1,0,0,0,1,1,0,0,1,0,0,0,1,1,1,1,1,1,0,1,1,1,1,0,0,0,0
44EF,5F,1,1,1,1,0,1,1,1,0,0,1,0,0,0,1,1,1,1,1,1,0,1,1,1,1,0,0,0,0
45DD,5F,1,0,1,1,1,0,1,1,1,0,1,0,0,0,1,1,1,1,1,1,0,1,1,1,1,0,0,0,0
45F2,5F,0,1,0,0,1,1,1,1,1,0,1,0,0,0,1,1,1,1,1,1,0,1,1,1,1,0,0,0,0
4675,5F,1,0,1,0,1,1,1,0,0,1,1,0,0,0,1,1,1,1,1,1,0,1,1,1,1,0,0,0,0
46E3,5F,1,1,0,0,0,1,1,1,0,1,1,0,0,0,1,1,1,1,1,1,0,1,1,1,1,0,0,0,0
46F5,5F,1,0,1,0,1,1,1,1,0,1,1,0,0,0,1,1,1,1,1,1,0,1,1,1,1,0,0,0,0
4712,5F,0,1,0,0,1,0,0,0,1,1,1,0,0,0,1,1,1,1,1,1,0,1,1,1,1,0,0,0,0
4715,5F,1,0,1,0,1,0,0,0,1,1,1,0,0,0,1,1,1,1,1,1,0,1,1,1,1,0,0,0,0
47E1,5F,1,0,0,0,0,1,1,1,1,1,1,0,0,0,1,1,1,1,1,1,0,1,1,1,1,0,0,0,0
47FC,5F,0,0,1,1,1,1,1,1,1,1,1,0,0,0,1,1,1,1,1,1,0,1,1,1,1,0,0,0,0
4806,5F,0,1,1,0,0,0,0,0,0,0,0,1,0,0,1,1,1,1,1,1,0,1,1,1,1,0,0,0,0
48B7,5F,1,1,1,0,1,1,0,1,0,0,0,1,0,0,1,1,1,1,1,1,0,1,1,1,1,0,0,0,0
48BE,5F,0,1,1,1,1,1,0,1,0,0,0,1,0,0,1,1,1,1,1,1,0,1,1,1,1,0,0,0,0
48E7,5F,1,1,1,0,0,1,1,1,0,0,0,1,0,0,1,1,1,1,1,1,0,1,1,1,1,0,0,0,0
4A2F,5F,1,1,1,1,0,1,0,0,0,1,0,1,0,0,1,1,1,1,1,1,0,1,1,1,1,0,0,0,0
4A50,5F,0,0,0,0,1,0,1,0,0,1,0,1,0,0,1,1,1,1,1,1,0,1,1,1,1,0,0,0,0
4A73,5F,1,1,0,0,1,1,1,0,0,1,0,1,0,0,1,1,1,1,1,1,0,1,1,1,1,0,0,0,0
4A77,5F,1,1,1,0,1,1,1,0,0,1,0,1,0,0,1,1,1,1,1,1,0,1,1,1,1,0,0,0,0
4A8D,5F,1,0,1,1,0,0,0,1,0,1,0,1,0,0,1,1,1,1,1,1,0,1,1,1,1,0,0,0,0
4B22,5F,0,1,0,0,0,1,0,0,1,1,0,1,0,0,1,1,1,1,1,1,0,1,1,1,1,0,0,0,0
4B45,5F,1,0,1,0,0,0,1,0,1,1,0,1,0,0,1,1,1,1,1,1,0,1,1,1,1,0,0,0,0
4B63,5F,1,1,0,0,0,1,1,0,1,1,0,1,0,0,1,1,1,1,1,1,0,1,1,1,1,0,0,0,0
4BA4,5F,0,0,1,0,0,1,0,1,1,1,0,1,0,0,1,1,1,1,1,1,0,1,1,1,1,0,0,0,0
4BA9,5F,1,0,0,1,0,1,0,1,1,1,0,1,0,0,1,1,1,1,1,1,0,1,1,1,1,0,0,0,0
4BB5,5F,1,0,1,0,1,1,0,1,1,1,0,1,0,0,1,1,1,1,1,1,0,1,1,1,1,0,0,0,0
4BCB,5F,1,1,0,1,0,0,1,1,1,1,0,1,0,0,1,1,1,1,1,1,0,1,1,1,1,0,0,0,0
